CA_name,YYYYQ_DOC,Mort_Amt
Albany Park           ,20051,215500.0
Albany Park           ,20052,221000.0
Albany Park           ,20053,195500.0
Albany Park           ,20054,200000.0
Albany Park           ,20061,214000.0
Albany Park           ,20062,204000.0
Albany Park           ,20063,200000.0
Albany Park           ,20064,225000.0
Albany Park           ,20071,210000.0
Albany Park           ,20072,200000.0
Albany Park           ,20073,200000.0
Albany Park           ,20074,211730.0
Albany Park           ,20081,243500.0
Albany Park           ,20082,228000.0
Albany Park           ,20083,240500.0
Albany Park           ,20084,243750.0
Albany Park           ,20091,280000.0
Albany Park           ,20092,234696.0
Albany Park           ,20093,202893.5
Albany Park           ,20094,224075.0
Albany Park           ,20101,237400.0
Albany Park           ,20102,216000.0
Albany Park           ,20103,230000.0
Albany Park           ,20104,257048.5
Albany Park           ,20111,222123.0
Albany Park           ,20112,198348.5
Albany Park           ,20113,221198.0
Albany Park           ,20114,202225.0
Albany Park           ,20121,207093.5
Albany Park           ,20122,232000.0
Albany Park           ,20123,248000.0
Albany Park           ,20124,208647.5
Archer Heights        ,20051,152450.0
Archer Heights        ,20052,165300.0
Archer Heights        ,20053,180000.0
Archer Heights        ,20054,149500.0
Archer Heights        ,20061,158000.0
Archer Heights        ,20062,170000.0
Archer Heights        ,20063,108000.0
Archer Heights        ,20064,120000.0
Archer Heights        ,20071,193700.0
Archer Heights        ,20072,155000.0
Archer Heights        ,20073,156250.0
Archer Heights        ,20074,184500.0
Archer Heights        ,20081,159000.0
Archer Heights        ,20082,161631.55
Archer Heights        ,20083,169400.0
Archer Heights        ,20084,160000.0
Archer Heights        ,20091,117826.0
Archer Heights        ,20092,124500.0
Archer Heights        ,20093,143300.0
Archer Heights        ,20094,156084.0
Archer Heights        ,20101,153693.0
Archer Heights        ,20102,133600.0
Archer Heights        ,20103,128272.0
Archer Heights        ,20104,126606.0
Archer Heights        ,20111,114000.0
Archer Heights        ,20112,112300.0
Archer Heights        ,20113,100000.0
Archer Heights        ,20114,126458.0
Archer Heights        ,20121,122367.5
Archer Heights        ,20122,115506.0
Archer Heights        ,20123,126577.0
Archer Heights        ,20124,121367.5
Armour Square         ,20051,200000.0
Armour Square         ,20052,137750.0
Armour Square         ,20053,106000.0
Armour Square         ,20054,258125.0
Armour Square         ,20061,171125.0
Armour Square         ,20062,104500.0
Armour Square         ,20063,180000.0
Armour Square         ,20064,235200.0
Armour Square         ,20071,204000.0
Armour Square         ,20072,100000.0
Armour Square         ,20073,240000.0
Armour Square         ,20074,150000.0
Armour Square         ,20081,239000.0
Armour Square         ,20082,220325.0
Armour Square         ,20083,240750.0
Armour Square         ,20084,115000.0
Armour Square         ,20091,170000.0
Armour Square         ,20092,181000.0
Armour Square         ,20093,159523.0
Armour Square         ,20094,182500.0
Armour Square         ,20101,220000.0
Armour Square         ,20102,226500.0
Armour Square         ,20103,191825.0
Armour Square         ,20104,177000.0
Armour Square         ,20111,185000.0
Armour Square         ,20112,159512.5
Armour Square         ,20113,172160.0
Armour Square         ,20114,204750.0
Armour Square         ,20121,160000.0
Armour Square         ,20122,209873.0
Armour Square         ,20123,196018.0
Armour Square         ,20124,190000.0
Ashburn               ,20051,136788.5
Ashburn               ,20052,142500.0
Ashburn               ,20053,148500.0
Ashburn               ,20054,144469.5
Ashburn               ,20061,147200.0
Ashburn               ,20062,147542.51
Ashburn               ,20063,152500.0
Ashburn               ,20064,153000.0
Ashburn               ,20071,165250.0
Ashburn               ,20072,152000.0
Ashburn               ,20073,162400.0
Ashburn               ,20074,161600.0
Ashburn               ,20081,174036.0
Ashburn               ,20082,163309.0
Ashburn               ,20083,160000.0
Ashburn               ,20084,164953.5
Ashburn               ,20091,168181.88
Ashburn               ,20092,159546.0
Ashburn               ,20093,142953.5
Ashburn               ,20094,148000.0
Ashburn               ,20101,134942.0
Ashburn               ,20102,131000.0
Ashburn               ,20103,127645.0
Ashburn               ,20104,126000.0
Ashburn               ,20111,115639.0
Ashburn               ,20112,115864.0
Ashburn               ,20113,116421.5
Ashburn               ,20114,124000.0
Ashburn               ,20121,123640.0
Ashburn               ,20122,125000.0
Ashburn               ,20123,125000.0
Ashburn               ,20124,126474.5
Auburn Gresham        ,20051,108089.5
Auburn Gresham        ,20052,116622.0
Auburn Gresham        ,20053,110000.0
Auburn Gresham        ,20054,112500.0
Auburn Gresham        ,20061,116000.0
Auburn Gresham        ,20062,114000.0
Auburn Gresham        ,20063,119000.0
Auburn Gresham        ,20064,121000.0
Auburn Gresham        ,20071,133000.0
Auburn Gresham        ,20072,130550.0
Auburn Gresham        ,20073,134325.0
Auburn Gresham        ,20074,139381.0
Auburn Gresham        ,20081,147479.0
Auburn Gresham        ,20082,140000.0
Auburn Gresham        ,20083,158824.5
Auburn Gresham        ,20084,157320.5
Auburn Gresham        ,20091,159658.0
Auburn Gresham        ,20092,159456.0
Auburn Gresham        ,20093,142299.5
Auburn Gresham        ,20094,138852.0
Auburn Gresham        ,20101,151542.0
Auburn Gresham        ,20102,114485.0
Auburn Gresham        ,20103,127536.0
Auburn Gresham        ,20104,127910.5
Auburn Gresham        ,20111,120000.0
Auburn Gresham        ,20112,103312.0
Auburn Gresham        ,20113,123500.0
Auburn Gresham        ,20114,107624.5
Auburn Gresham        ,20121,111306.0
Auburn Gresham        ,20122,107000.0
Auburn Gresham        ,20123,124500.0
Auburn Gresham        ,20124,127500.0
Austin                ,20051,134019.98
Austin                ,20052,131000.0
Austin                ,20053,138220.0
Austin                ,20054,140864.0
Austin                ,20061,142750.0
Austin                ,20062,150000.0
Austin                ,20063,148000.0
Austin                ,20064,161000.0
Austin                ,20071,160000.0
Austin                ,20072,150000.0
Austin                ,20073,153927.5
Austin                ,20074,169300.0
Austin                ,20081,182350.0
Austin                ,20082,164500.0
Austin                ,20083,174706.0
Austin                ,20084,178190.31
Austin                ,20091,195360.0
Austin                ,20092,180000.0
Austin                ,20093,173404.0
Austin                ,20094,162000.0
Austin                ,20101,157445.5
Austin                ,20102,152896.0
Austin                ,20103,159923.5
Austin                ,20104,144500.0
Austin                ,20111,145498.5
Austin                ,20112,138600.0
Austin                ,20113,140349.0
Austin                ,20114,128000.68
Austin                ,20121,143511.5
Austin                ,20122,141000.0
Austin                ,20123,142680.5
Austin                ,20124,152275.0
Avalon Park           ,20051,115600.0
Avalon Park           ,20052,110033.5
Avalon Park           ,20053,118400.0
Avalon Park           ,20054,102702.0
Avalon Park           ,20061,114468.0
Avalon Park           ,20062,113916.36
Avalon Park           ,20063,120724.0
Avalon Park           ,20064,127950.0
Avalon Park           ,20071,124750.0
Avalon Park           ,20072,138750.0
Avalon Park           ,20073,132000.0
Avalon Park           ,20074,130500.0
Avalon Park           ,20081,146205.0
Avalon Park           ,20082,139702.0
Avalon Park           ,20083,144989.5
Avalon Park           ,20084,196913.5
Avalon Park           ,20091,156812.0
Avalon Park           ,20092,135458.5
Avalon Park           ,20093,160336.88
Avalon Park           ,20094,149874.0
Avalon Park           ,20101,139062.0
Avalon Park           ,20102,127729.5
Avalon Park           ,20103,124336.5
Avalon Park           ,20104,83000.0
Avalon Park           ,20111,139506.5
Avalon Park           ,20112,109659.0
Avalon Park           ,20113,121733.0
Avalon Park           ,20114,116529.5
Avalon Park           ,20121,138070.0
Avalon Park           ,20122,125183.0
Avalon Park           ,20123,114072.0
Avalon Park           ,20124,114460.0
Avondale              ,20051,205100.0
Avondale              ,20052,201500.0
Avondale              ,20053,201356.0
Avondale              ,20054,214450.0
Avondale              ,20061,180000.0
Avondale              ,20062,204800.0
Avondale              ,20063,180000.0
Avondale              ,20064,247600.0
Avondale              ,20071,200000.0
Avondale              ,20072,198500.0
Avondale              ,20073,194935.0
Avondale              ,20074,264000.0
Avondale              ,20081,257400.0
Avondale              ,20082,217000.0
Avondale              ,20083,213625.0
Avondale              ,20084,248978.0
Avondale              ,20091,265345.0
Avondale              ,20092,231550.0
Avondale              ,20093,202202.0
Avondale              ,20094,250045.5
Avondale              ,20101,204550.0
Avondale              ,20102,239400.0
Avondale              ,20103,209150.0
Avondale              ,20104,246678.0
Avondale              ,20111,179359.5
Avondale              ,20112,202161.5
Avondale              ,20113,210205.0
Avondale              ,20114,232674.0
Avondale              ,20121,215250.0
Avondale              ,20122,208085.0
Avondale              ,20123,239000.0
Avondale              ,20124,241200.0
Belmont Cragin        ,20051,195000.0
Belmont Cragin        ,20052,208000.0
Belmont Cragin        ,20053,205000.0
Belmont Cragin        ,20054,201800.0
Belmont Cragin        ,20061,199000.0
Belmont Cragin        ,20062,210000.0
Belmont Cragin        ,20063,206400.0
Belmont Cragin        ,20064,217175.0
Belmont Cragin        ,20071,229800.0
Belmont Cragin        ,20072,220000.0
Belmont Cragin        ,20073,215250.0
Belmont Cragin        ,20074,222300.0
Belmont Cragin        ,20081,207882.0
Belmont Cragin        ,20082,215100.0
Belmont Cragin        ,20083,191236.5
Belmont Cragin        ,20084,200800.0
Belmont Cragin        ,20091,169379.5
Belmont Cragin        ,20092,162011.0
Belmont Cragin        ,20093,157041.0
Belmont Cragin        ,20094,158400.0
Belmont Cragin        ,20101,142180.5
Belmont Cragin        ,20102,162011.0
Belmont Cragin        ,20103,148449.0
Belmont Cragin        ,20104,140250.0
Belmont Cragin        ,20111,138225.5
Belmont Cragin        ,20112,135000.0
Belmont Cragin        ,20113,146197.0
Belmont Cragin        ,20114,138362.5
Belmont Cragin        ,20121,144427.0
Belmont Cragin        ,20122,158100.0
Belmont Cragin        ,20123,146955.0
Belmont Cragin        ,20124,157100.0
Beverly               ,20051,153642.0
Beverly               ,20052,170000.0
Beverly               ,20053,175000.0
Beverly               ,20054,174000.0
Beverly               ,20061,175000.0
Beverly               ,20062,150000.0
Beverly               ,20063,175000.0
Beverly               ,20064,172500.0
Beverly               ,20071,184000.0
Beverly               ,20072,182758.5
Beverly               ,20073,160000.0
Beverly               ,20074,182000.0
Beverly               ,20081,213000.0
Beverly               ,20082,209500.0
Beverly               ,20083,195350.0
Beverly               ,20084,222323.0
Beverly               ,20091,239900.0
Beverly               ,20092,240904.0
Beverly               ,20093,219237.0
Beverly               ,20094,215000.0
Beverly               ,20101,202334.0
Beverly               ,20102,200000.0
Beverly               ,20103,221500.0
Beverly               ,20104,208500.0
Beverly               ,20111,200000.0
Beverly               ,20112,205500.0
Beverly               ,20113,190271.0
Beverly               ,20114,214725.0
Beverly               ,20121,216855.0
Beverly               ,20122,206040.0
Beverly               ,20123,219000.0
Beverly               ,20124,217000.0
Bridgeport            ,20051,180000.0
Bridgeport            ,20052,171000.0
Bridgeport            ,20053,200000.0
Bridgeport            ,20054,179600.0
Bridgeport            ,20061,173000.0
Bridgeport            ,20062,150000.0
Bridgeport            ,20063,200000.0
Bridgeport            ,20064,184750.0
Bridgeport            ,20071,199250.0
Bridgeport            ,20072,235000.0
Bridgeport            ,20073,180000.0
Bridgeport            ,20074,183750.0
Bridgeport            ,20081,224750.0
Bridgeport            ,20082,220375.0
Bridgeport            ,20083,200000.0
Bridgeport            ,20084,226000.0
Bridgeport            ,20091,236000.0
Bridgeport            ,20092,200000.0
Bridgeport            ,20093,217900.0
Bridgeport            ,20094,250000.0
Bridgeport            ,20101,200000.0
Bridgeport            ,20102,189000.0
Bridgeport            ,20103,212000.0
Bridgeport            ,20104,218029.5
Bridgeport            ,20111,168000.0
Bridgeport            ,20112,164000.0
Bridgeport            ,20113,197928.0
Bridgeport            ,20114,171200.0
Bridgeport            ,20121,191200.0
Bridgeport            ,20122,204250.0
Bridgeport            ,20123,226700.0
Bridgeport            ,20124,209151.0
Brighton Park         ,20051,139500.0
Brighton Park         ,20052,139300.0
Brighton Park         ,20053,135500.0
Brighton Park         ,20054,134000.0
Brighton Park         ,20061,141027.565
Brighton Park         ,20062,138000.0
Brighton Park         ,20063,136750.0
Brighton Park         ,20064,134700.0
Brighton Park         ,20071,147500.0
Brighton Park         ,20072,154000.0
Brighton Park         ,20073,151571.19
Brighton Park         ,20074,145000.0
Brighton Park         ,20081,160185.0
Brighton Park         ,20082,165000.0
Brighton Park         ,20083,134482.5
Brighton Park         ,20084,131750.0
Brighton Park         ,20091,142750.0
Brighton Park         ,20092,133200.0
Brighton Park         ,20093,122500.0
Brighton Park         ,20094,155000.0
Brighton Park         ,20101,94400.0
Brighton Park         ,20102,119500.0
Brighton Park         ,20103,100000.0
Brighton Park         ,20104,103000.0
Brighton Park         ,20111,100000.0
Brighton Park         ,20112,109344.0
Brighton Park         ,20113,98814.0
Brighton Park         ,20114,97000.0
Brighton Park         ,20121,80697.5
Brighton Park         ,20122,104500.0
Brighton Park         ,20123,100000.0
Brighton Park         ,20124,96626.0
Burnside              ,20051,95000.0
Burnside              ,20052,91300.0
Burnside              ,20053,108350.0
Burnside              ,20054,100000.0
Burnside              ,20061,108000.0
Burnside              ,20062,116500.0
Burnside              ,20063,98000.0
Burnside              ,20064,126000.0
Burnside              ,20071,156250.0
Burnside              ,20072,124687.5
Burnside              ,20073,93200.0
Burnside              ,20074,120750.0
Burnside              ,20081,149425.0
Burnside              ,20082,116000.0
Burnside              ,20083,149579.0
Burnside              ,20084,154000.0
Burnside              ,20091,140409.0
Burnside              ,20092,232500.0
Burnside              ,20093,184496.0
Burnside              ,20094,112161.0
Burnside              ,20101,115230.0
Burnside              ,20102,92085.0
Burnside              ,20103,106363.5
Burnside              ,20104,118218.0
Burnside              ,20111,142490.5
Burnside              ,20112,100000.0
Burnside              ,20113,88369.5
Burnside              ,20114,80345.5
Burnside              ,20121,114034.0
Burnside              ,20122,127500.0
Burnside              ,20123,105797.0
Burnside              ,20124,186650.0
Calumet Heights       ,20051,110350.0
Calumet Heights       ,20052,112600.0
Calumet Heights       ,20053,113600.0
Calumet Heights       ,20054,125000.0
Calumet Heights       ,20061,124287.5
Calumet Heights       ,20062,120500.0
Calumet Heights       ,20063,117750.0
Calumet Heights       ,20064,144750.0
Calumet Heights       ,20071,134550.0
Calumet Heights       ,20072,126900.0
Calumet Heights       ,20073,132000.0
Calumet Heights       ,20074,153000.0
Calumet Heights       ,20081,143750.0
Calumet Heights       ,20082,144617.85499999998
Calumet Heights       ,20083,179100.0
Calumet Heights       ,20084,150803.5
Calumet Heights       ,20091,180000.0
Calumet Heights       ,20092,163349.0
Calumet Heights       ,20093,144253.0
Calumet Heights       ,20094,154849.0
Calumet Heights       ,20101,124175.0
Calumet Heights       ,20102,102485.5
Calumet Heights       ,20103,139248.5
Calumet Heights       ,20104,112279.5
Calumet Heights       ,20111,135350.0
Calumet Heights       ,20112,114355.0
Calumet Heights       ,20113,86379.0
Calumet Heights       ,20114,118000.0
Calumet Heights       ,20121,111000.0
Calumet Heights       ,20122,131820.0
Calumet Heights       ,20123,122774.5
Calumet Heights       ,20124,128218.68
Chatham               ,20051,114400.0
Chatham               ,20052,115200.0
Chatham               ,20053,118000.0
Chatham               ,20054,120000.0
Chatham               ,20061,119500.0
Chatham               ,20062,116000.0
Chatham               ,20063,121500.0
Chatham               ,20064,132000.0
Chatham               ,20071,131560.35
Chatham               ,20072,134000.0
Chatham               ,20073,147000.0
Chatham               ,20074,143100.0
Chatham               ,20081,151150.0
Chatham               ,20082,160729.0
Chatham               ,20083,148058.5
Chatham               ,20084,182700.0
Chatham               ,20091,175500.0
Chatham               ,20092,166000.0
Chatham               ,20093,158574.0
Chatham               ,20094,144993.0
Chatham               ,20101,136100.0
Chatham               ,20102,129259.0
Chatham               ,20103,126935.0
Chatham               ,20104,118983.0
Chatham               ,20111,105004.0
Chatham               ,20112,130800.0
Chatham               ,20113,117000.0
Chatham               ,20114,108457.0
Chatham               ,20121,140743.5
Chatham               ,20122,139428.0
Chatham               ,20123,142700.0
Chatham               ,20124,132975.0
Chicago Lawn          ,20051,124000.0
Chicago Lawn          ,20052,129550.0
Chicago Lawn          ,20053,129660.0
Chicago Lawn          ,20054,130000.0
Chicago Lawn          ,20061,137600.0
Chicago Lawn          ,20062,132000.0
Chicago Lawn          ,20063,138375.0
Chicago Lawn          ,20064,141000.0
Chicago Lawn          ,20071,145000.0
Chicago Lawn          ,20072,138750.0
Chicago Lawn          ,20073,150800.0
Chicago Lawn          ,20074,148729.0
Chicago Lawn          ,20081,157650.0
Chicago Lawn          ,20082,134000.0
Chicago Lawn          ,20083,133119.0
Chicago Lawn          ,20084,142796.0
Chicago Lawn          ,20091,134250.0
Chicago Lawn          ,20092,114573.0
Chicago Lawn          ,20093,116530.5
Chicago Lawn          ,20094,117012.0
Chicago Lawn          ,20101,110000.0
Chicago Lawn          ,20102,108272.5
Chicago Lawn          ,20103,112057.5
Chicago Lawn          ,20104,90000.0
Chicago Lawn          ,20111,90000.0
Chicago Lawn          ,20112,99388.5
Chicago Lawn          ,20113,100960.0
Chicago Lawn          ,20114,90642.0
Chicago Lawn          ,20121,102111.0
Chicago Lawn          ,20122,112293.0
Chicago Lawn          ,20123,108156.0
Chicago Lawn          ,20124,123680.0
Clearing              ,20051,150000.0
Clearing              ,20052,131200.0
Clearing              ,20053,140000.0
Clearing              ,20054,160000.0
Clearing              ,20061,137000.0
Clearing              ,20062,111875.0
Clearing              ,20063,117000.0
Clearing              ,20064,120000.0
Clearing              ,20071,134000.0
Clearing              ,20072,156300.0
Clearing              ,20073,141200.0
Clearing              ,20074,181500.0
Clearing              ,20081,183207.0
Clearing              ,20082,154000.0
Clearing              ,20083,157000.0
Clearing              ,20084,154830.0
Clearing              ,20091,186558.0
Clearing              ,20092,184500.0
Clearing              ,20093,173000.0
Clearing              ,20094,175018.0
Clearing              ,20101,153100.0
Clearing              ,20102,157058.0
Clearing              ,20103,162807.0
Clearing              ,20104,162800.0
Clearing              ,20111,151200.0
Clearing              ,20112,136100.0
Clearing              ,20113,145770.5
Clearing              ,20114,140000.0
Clearing              ,20121,138072.5
Clearing              ,20122,158135.0
Clearing              ,20123,156120.0
Clearing              ,20124,136482.0
Douglas               ,20051,195000.0
Douglas               ,20052,160625.0
Douglas               ,20053,219700.0
Douglas               ,20054,183750.0
Douglas               ,20061,192000.0
Douglas               ,20062,150000.0
Douglas               ,20063,212000.0
Douglas               ,20064,193950.0
Douglas               ,20071,240000.0
Douglas               ,20072,253600.0
Douglas               ,20073,227000.0
Douglas               ,20074,208250.0
Douglas               ,20081,256000.0
Douglas               ,20082,200848.0
Douglas               ,20083,235913.0
Douglas               ,20084,302500.0
Douglas               ,20091,265500.0
Douglas               ,20092,309700.0
Douglas               ,20093,281804.0
Douglas               ,20094,252504.0
Douglas               ,20101,324582.0
Douglas               ,20102,336830.0
Douglas               ,20103,227112.5
Douglas               ,20104,280049.0
Douglas               ,20111,225350.0
Douglas               ,20112,332675.0
Douglas               ,20113,170000.0
Douglas               ,20114,184000.0
Douglas               ,20121,192500.0
Douglas               ,20122,176595.0
Douglas               ,20123,182611.0
Douglas               ,20124,170471.0
Dunning               ,20051,195028.5
Dunning               ,20052,196201.0
Dunning               ,20053,200000.0
Dunning               ,20054,198750.0
Dunning               ,20061,163250.0
Dunning               ,20062,193600.0
Dunning               ,20063,175000.0
Dunning               ,20064,200000.0
Dunning               ,20071,200000.0
Dunning               ,20072,191550.0
Dunning               ,20073,177700.0
Dunning               ,20074,208000.0
Dunning               ,20081,223600.0
Dunning               ,20082,209000.0
Dunning               ,20083,200000.0
Dunning               ,20084,232216.0
Dunning               ,20091,199200.0
Dunning               ,20092,207250.0
Dunning               ,20093,181600.0
Dunning               ,20094,184000.0
Dunning               ,20101,175000.0
Dunning               ,20102,194253.0
Dunning               ,20103,187425.0
Dunning               ,20104,184000.0
Dunning               ,20111,160000.0
Dunning               ,20112,159900.0
Dunning               ,20113,160817.0
Dunning               ,20114,153000.0
Dunning               ,20121,164000.0
Dunning               ,20122,171915.0
Dunning               ,20123,173600.0
Dunning               ,20124,169875.0
East Garfield         ,20051,146650.0
East Garfield         ,20052,135750.0
East Garfield         ,20053,139000.0
East Garfield         ,20054,160000.0
East Garfield         ,20061,162460.0
East Garfield         ,20062,197000.0
East Garfield         ,20063,162175.0
East Garfield         ,20064,163000.0
East Garfield         ,20071,167000.0
East Garfield         ,20072,177500.0
East Garfield         ,20073,176250.0
East Garfield         ,20074,185625.0
East Garfield         ,20081,223135.0
East Garfield         ,20082,193200.0
East Garfield         ,20083,208021.0
East Garfield         ,20084,165625.0
East Garfield         ,20091,208750.0
East Garfield         ,20092,241600.0
East Garfield         ,20093,243750.0
East Garfield         ,20094,246000.0
East Garfield         ,20101,144586.0
East Garfield         ,20102,167690.0
East Garfield         ,20103,126500.0
East Garfield         ,20104,157500.0
East Garfield         ,20111,99300.0
East Garfield         ,20112,320400.0
East Garfield         ,20113,115004.0
East Garfield         ,20114,141324.0
East Garfield         ,20121,89859.0
East Garfield         ,20122,144995.0
East Garfield         ,20123,233850.0
East Garfield         ,20124,141655.5
East Side             ,20051,95000.0
East Side             ,20052,105000.0
East Side             ,20053,101453.0
East Side             ,20054,99000.0
East Side             ,20061,92100.0
East Side             ,20062,105526.0
East Side             ,20063,95930.0
East Side             ,20064,111920.0
East Side             ,20071,120000.0
East Side             ,20072,103000.0
East Side             ,20073,114000.0
East Side             ,20074,109620.0
East Side             ,20081,125000.0
East Side             ,20082,104069.0
East Side             ,20083,110200.0
East Side             ,20084,119468.5
East Side             ,20091,134765.5
East Side             ,20092,110262.5
East Side             ,20093,115716.5
East Side             ,20094,103090.0
East Side             ,20101,111002.5
East Side             ,20102,101134.0
East Side             ,20103,97200.0
East Side             ,20104,99000.0
East Side             ,20111,91140.5
East Side             ,20112,99000.0
East Side             ,20113,96500.0
East Side             ,20114,80416.0
East Side             ,20121,83300.0
East Side             ,20122,76662.5
East Side             ,20123,79775.0
East Side             ,20124,108007.0
Edgewater             ,20051,254000.0
Edgewater             ,20052,249500.0
Edgewater             ,20053,218600.0
Edgewater             ,20054,213500.0
Edgewater             ,20061,202300.0
Edgewater             ,20062,250000.0
Edgewater             ,20063,230000.0
Edgewater             ,20064,250000.0
Edgewater             ,20071,255000.0
Edgewater             ,20072,253525.0
Edgewater             ,20073,250000.0
Edgewater             ,20074,253524.0
Edgewater             ,20081,340805.0
Edgewater             ,20082,300000.0
Edgewater             ,20083,275000.0
Edgewater             ,20084,318500.0
Edgewater             ,20091,344000.0
Edgewater             ,20092,300000.0
Edgewater             ,20093,300000.0
Edgewater             ,20094,330000.0
Edgewater             ,20101,305495.5
Edgewater             ,20102,303485.0
Edgewater             ,20103,320000.0
Edgewater             ,20104,333880.0
Edgewater             ,20111,253400.0
Edgewater             ,20112,260000.0
Edgewater             ,20113,313925.0
Edgewater             ,20114,328190.5
Edgewater             ,20121,326700.0
Edgewater             ,20122,298000.0
Edgewater             ,20123,317803.5
Edgewater             ,20124,318250.0
Edison Park           ,20051,220000.0
Edison Park           ,20052,245000.0
Edison Park           ,20053,208700.0
Edison Park           ,20054,206046.825
Edison Park           ,20061,156000.0
Edison Park           ,20062,190000.0
Edison Park           ,20063,164000.0
Edison Park           ,20064,222750.0
Edison Park           ,20071,193900.0
Edison Park           ,20072,168500.0
Edison Park           ,20073,200000.0
Edison Park           ,20074,230000.0
Edison Park           ,20081,272000.0
Edison Park           ,20082,232000.0
Edison Park           ,20083,175000.0
Edison Park           ,20084,232300.0
Edison Park           ,20091,260000.0
Edison Park           ,20092,273129.0
Edison Park           ,20093,236123.0
Edison Park           ,20094,233612.0
Edison Park           ,20101,261880.0
Edison Park           ,20102,243016.0
Edison Park           ,20103,248000.0
Edison Park           ,20104,260385.0
Edison Park           ,20111,228000.0
Edison Park           ,20112,224169.0
Edison Park           ,20113,243728.0
Edison Park           ,20114,235200.0
Edison Park           ,20121,253300.0
Edison Park           ,20122,239332.0
Edison Park           ,20123,250000.0
Edison Park           ,20124,235000.0
Englewood             ,20051,80750.0
Englewood             ,20052,94750.0
Englewood             ,20053,91150.0
Englewood             ,20054,94400.0
Englewood             ,20061,96000.0
Englewood             ,20062,97875.0
Englewood             ,20063,106400.0
Englewood             ,20064,100000.0
Englewood             ,20071,114000.0
Englewood             ,20072,104660.44
Englewood             ,20073,110625.0
Englewood             ,20074,130000.0
Englewood             ,20081,126800.0
Englewood             ,20082,135113.0
Englewood             ,20083,195000.0
Englewood             ,20084,180000.0
Englewood             ,20091,169492.5
Englewood             ,20092,157500.0
Englewood             ,20093,136000.0
Englewood             ,20094,142111.0
Englewood             ,20101,94627.0
Englewood             ,20102,94000.0
Englewood             ,20103,119321.5
Englewood             ,20104,115500.0
Englewood             ,20111,150000.0
Englewood             ,20112,77200.0
Englewood             ,20113,95243.0
Englewood             ,20114,80400.0
Englewood             ,20121,124800.0
Englewood             ,20122,100000.0
Englewood             ,20123,121037.0
Englewood             ,20124,82500.0
Forest Glen           ,20051,250000.0
Forest Glen           ,20052,247750.0
Forest Glen           ,20053,250000.0
Forest Glen           ,20054,230000.0
Forest Glen           ,20061,223405.0
Forest Glen           ,20062,200000.0
Forest Glen           ,20063,207600.0
Forest Glen           ,20064,240000.0
Forest Glen           ,20071,251875.0
Forest Glen           ,20072,250000.0
Forest Glen           ,20073,200000.0
Forest Glen           ,20074,256000.0
Forest Glen           ,20081,305000.0
Forest Glen           ,20082,240000.0
Forest Glen           ,20083,250000.0
Forest Glen           ,20084,282000.0
Forest Glen           ,20091,288000.0
Forest Glen           ,20092,280000.0
Forest Glen           ,20093,270000.0
Forest Glen           ,20094,262773.5
Forest Glen           ,20101,294000.0
Forest Glen           ,20102,294900.0
Forest Glen           ,20103,300000.0
Forest Glen           ,20104,290000.0
Forest Glen           ,20111,264000.0
Forest Glen           ,20112,243125.0
Forest Glen           ,20113,260000.0
Forest Glen           ,20114,281000.0
Forest Glen           ,20121,277821.0
Forest Glen           ,20122,271922.655
Forest Glen           ,20123,299900.0
Forest Glen           ,20124,273000.0
Fuller Park           ,20051,89150.0
Fuller Park           ,20052,74100.0
Fuller Park           ,20053,108000.0
Fuller Park           ,20054,72500.0
Fuller Park           ,20061,90875.0
Fuller Park           ,20062,112250.0
Fuller Park           ,20063,106250.0
Fuller Park           ,20064,102600.0
Fuller Park           ,20071,137050.0
Fuller Park           ,20072,98350.0
Fuller Park           ,20073,99750.0
Fuller Park           ,20074,129000.0
Fuller Park           ,20081,104000.0
Fuller Park           ,20082,116600.0
Fuller Park           ,20083,246519.945
Fuller Park           ,20084,50000.0
Fuller Park           ,20091,337500.0
Fuller Park           ,20092,165000.0
Fuller Park           ,20093,127500.0
Fuller Park           ,20094,171000.0
Fuller Park           ,20101,128000.0
Fuller Park           ,20102,111925.0
Fuller Park           ,20103,255683.5
Fuller Park           ,20104,80500.0
Fuller Park           ,20112,82433.0
Fuller Park           ,20113,92981.0
Fuller Park           ,20114,272902.0
Fuller Park           ,20122,67093.0
Fuller Park           ,20123,111235.29
Fuller Park           ,20124,66133.0
Gage Park             ,20051,139750.0
Gage Park             ,20052,136000.0
Gage Park             ,20053,135000.0
Gage Park             ,20054,135112.96000000002
Gage Park             ,20061,141500.0
Gage Park             ,20062,150250.0
Gage Park             ,20063,141825.0
Gage Park             ,20064,150000.0
Gage Park             ,20071,172500.0
Gage Park             ,20072,155000.0
Gage Park             ,20073,150000.0
Gage Park             ,20074,150000.0
Gage Park             ,20081,160250.0
Gage Park             ,20082,142480.0
Gage Park             ,20083,142759.0
Gage Park             ,20084,131250.0
Gage Park             ,20091,113000.0
Gage Park             ,20092,102700.0
Gage Park             ,20093,112062.0
Gage Park             ,20094,103920.0
Gage Park             ,20101,94500.0
Gage Park             ,20102,103550.0
Gage Park             ,20103,101759.0
Gage Park             ,20104,95715.0
Gage Park             ,20111,83010.0
Gage Park             ,20112,83047.5
Gage Park             ,20113,96550.0
Gage Park             ,20114,70400.0
Gage Park             ,20121,96169.0
Gage Park             ,20122,102934.0
Gage Park             ,20123,117307.0
Gage Park             ,20124,93358.5
Garfield Ridge        ,20051,157000.0
Garfield Ridge        ,20052,154650.0
Garfield Ridge        ,20053,160345.0
Garfield Ridge        ,20054,150000.0
Garfield Ridge        ,20061,135000.0
Garfield Ridge        ,20062,135000.0
Garfield Ridge        ,20063,128500.0
Garfield Ridge        ,20064,152625.0
Garfield Ridge        ,20071,158750.0
Garfield Ridge        ,20072,162000.0
Garfield Ridge        ,20073,170000.0
Garfield Ridge        ,20074,180000.0
Garfield Ridge        ,20081,180600.0
Garfield Ridge        ,20082,161600.0
Garfield Ridge        ,20083,167921.0
Garfield Ridge        ,20084,188033.0
Garfield Ridge        ,20091,173000.0
Garfield Ridge        ,20092,178000.0
Garfield Ridge        ,20093,168000.0
Garfield Ridge        ,20094,170915.0
Garfield Ridge        ,20101,171830.0
Garfield Ridge        ,20102,166837.0
Garfield Ridge        ,20103,174648.0
Garfield Ridge        ,20104,160418.5
Garfield Ridge        ,20111,153750.0
Garfield Ridge        ,20112,135821.5
Garfield Ridge        ,20113,136451.0
Garfield Ridge        ,20114,147500.0
Garfield Ridge        ,20121,148616.0
Garfield Ridge        ,20122,150000.0
Garfield Ridge        ,20123,159346.0
Garfield Ridge        ,20124,160216.0
Grand Boulevard       ,20051,241875.0
Grand Boulevard       ,20052,225000.0
Grand Boulevard       ,20053,192000.0
Grand Boulevard       ,20054,215000.0
Grand Boulevard       ,20061,230000.0
Grand Boulevard       ,20062,241625.0
Grand Boulevard       ,20063,272625.0
Grand Boulevard       ,20064,277960.0
Grand Boulevard       ,20071,308000.0
Grand Boulevard       ,20072,255492.5
Grand Boulevard       ,20073,268000.0
Grand Boulevard       ,20074,282369.54000000004
Grand Boulevard       ,20081,332000.0
Grand Boulevard       ,20082,220906.0
Grand Boulevard       ,20083,362132.0
Grand Boulevard       ,20084,268000.0
Grand Boulevard       ,20091,342412.5
Grand Boulevard       ,20092,282578.5
Grand Boulevard       ,20093,293000.0
Grand Boulevard       ,20094,282850.0
Grand Boulevard       ,20101,215370.0
Grand Boulevard       ,20102,256356.0
Grand Boulevard       ,20103,238000.0
Grand Boulevard       ,20104,255497.0
Grand Boulevard       ,20111,318910.0
Grand Boulevard       ,20112,259210.0
Grand Boulevard       ,20113,275730.0
Grand Boulevard       ,20114,240000.0
Grand Boulevard       ,20121,252000.0
Grand Boulevard       ,20122,202566.63
Grand Boulevard       ,20123,209079.0
Grand Boulevard       ,20124,201609.5
Greater Grand Crossing,20051,100000.0
Greater Grand Crossing,20052,116000.0
Greater Grand Crossing,20053,100000.0
Greater Grand Crossing,20054,105000.0
Greater Grand Crossing,20061,116250.0
Greater Grand Crossing,20062,117600.0
Greater Grand Crossing,20063,116250.0
Greater Grand Crossing,20064,125000.0
Greater Grand Crossing,20071,128700.0
Greater Grand Crossing,20072,121875.0
Greater Grand Crossing,20073,139750.0
Greater Grand Crossing,20074,143000.0
Greater Grand Crossing,20081,168000.0
Greater Grand Crossing,20082,138212.5
Greater Grand Crossing,20083,164721.0
Greater Grand Crossing,20084,157200.0
Greater Grand Crossing,20091,169617.0
Greater Grand Crossing,20092,172975.0
Greater Grand Crossing,20093,135309.5
Greater Grand Crossing,20094,152615.0
Greater Grand Crossing,20101,135502.5
Greater Grand Crossing,20102,123339.0
Greater Grand Crossing,20103,117012.0
Greater Grand Crossing,20104,115400.0
Greater Grand Crossing,20111,88723.0
Greater Grand Crossing,20112,111070.5
Greater Grand Crossing,20113,109005.0
Greater Grand Crossing,20114,123994.0
Greater Grand Crossing,20121,116626.5
Greater Grand Crossing,20122,123000.0
Greater Grand Crossing,20123,126468.0
Greater Grand Crossing,20124,107200.0
Hegewisch             ,20051,91678.0
Hegewisch             ,20052,104000.0
Hegewisch             ,20053,105110.0
Hegewisch             ,20054,106100.0
Hegewisch             ,20061,111300.0
Hegewisch             ,20062,93000.0
Hegewisch             ,20063,122500.0
Hegewisch             ,20064,115000.0
Hegewisch             ,20071,115350.0
Hegewisch             ,20072,113400.0
Hegewisch             ,20073,118755.0
Hegewisch             ,20074,107000.0
Hegewisch             ,20081,131000.0
Hegewisch             ,20082,114906.82
Hegewisch             ,20083,118400.0
Hegewisch             ,20084,120000.0
Hegewisch             ,20091,130240.0
Hegewisch             ,20092,119506.0
Hegewisch             ,20093,126250.0
Hegewisch             ,20094,120000.0
Hegewisch             ,20101,115374.0
Hegewisch             ,20102,125000.0
Hegewisch             ,20103,96000.0
Hegewisch             ,20104,112084.0
Hegewisch             ,20111,101049.0
Hegewisch             ,20112,119000.0
Hegewisch             ,20113,115008.0
Hegewisch             ,20114,112084.0
Hegewisch             ,20121,105750.91
Hegewisch             ,20122,113600.0
Hegewisch             ,20123,104201.0
Hegewisch             ,20124,106491.29
Hermosa               ,20051,195000.0
Hermosa               ,20052,180000.0
Hermosa               ,20053,192159.5
Hermosa               ,20054,196000.0
Hermosa               ,20061,187750.0
Hermosa               ,20062,175000.0
Hermosa               ,20063,208500.0
Hermosa               ,20064,183000.0
Hermosa               ,20071,212000.0
Hermosa               ,20072,232600.0
Hermosa               ,20073,150750.0
Hermosa               ,20074,169057.525
Hermosa               ,20081,158000.0
Hermosa               ,20082,194500.0
Hermosa               ,20083,200000.0
Hermosa               ,20084,174694.0
Hermosa               ,20091,153623.0
Hermosa               ,20092,178800.0
Hermosa               ,20093,151701.0
Hermosa               ,20094,133000.0
Hermosa               ,20101,139624.0
Hermosa               ,20102,137464.0
Hermosa               ,20103,123339.0
Hermosa               ,20104,145959.0
Hermosa               ,20111,116100.0
Hermosa               ,20112,119939.5
Hermosa               ,20113,120115.5
Hermosa               ,20114,107779.0
Hermosa               ,20121,138000.0
Hermosa               ,20122,156374.0
Hermosa               ,20123,168500.0
Hermosa               ,20124,125000.0
Humboldt Park         ,20051,128000.0
Humboldt Park         ,20052,140000.0
Humboldt Park         ,20053,144000.0
Humboldt Park         ,20054,152300.0
Humboldt Park         ,20061,150000.0
Humboldt Park         ,20062,159186.0
Humboldt Park         ,20063,150000.0
Humboldt Park         ,20064,171450.0
Humboldt Park         ,20071,166375.0
Humboldt Park         ,20072,176250.0
Humboldt Park         ,20073,160000.0
Humboldt Park         ,20074,170750.0
Humboldt Park         ,20081,194500.0
Humboldt Park         ,20082,167300.0
Humboldt Park         ,20083,163500.0
Humboldt Park         ,20084,184167.0
Humboldt Park         ,20091,187267.0
Humboldt Park         ,20092,164000.0
Humboldt Park         ,20093,180277.5
Humboldt Park         ,20094,164957.0
Humboldt Park         ,20101,153928.0
Humboldt Park         ,20102,147283.0
Humboldt Park         ,20103,127441.0
Humboldt Park         ,20104,127169.5
Humboldt Park         ,20111,116554.0
Humboldt Park         ,20112,131089.0
Humboldt Park         ,20113,99990.0
Humboldt Park         ,20114,110000.0
Humboldt Park         ,20121,116372.5
Humboldt Park         ,20122,116422.0
Humboldt Park         ,20123,139000.0
Humboldt Park         ,20124,112800.0
Hyde Park             ,20051,248000.0
Hyde Park             ,20052,291000.0
Hyde Park             ,20053,260000.0
Hyde Park             ,20054,147702.0
Hyde Park             ,20061,200000.0
Hyde Park             ,20062,302400.0
Hyde Park             ,20063,239150.0
Hyde Park             ,20064,300000.0
Hyde Park             ,20071,223960.0
Hyde Park             ,20072,225450.0
Hyde Park             ,20073,239200.0
Hyde Park             ,20074,205893.0
Hyde Park             ,20081,307500.0
Hyde Park             ,20082,245000.0
Hyde Park             ,20083,365796.5
Hyde Park             ,20084,308000.0
Hyde Park             ,20091,274208.0
Hyde Park             ,20092,310000.0
Hyde Park             ,20093,261320.0
Hyde Park             ,20094,290000.0
Hyde Park             ,20101,270000.0
Hyde Park             ,20102,348850.0
Hyde Park             ,20103,273000.0
Hyde Park             ,20104,300000.0
Hyde Park             ,20111,244200.0
Hyde Park             ,20112,283800.0
Hyde Park             ,20113,281000.0
Hyde Park             ,20114,280000.0
Hyde Park             ,20121,360000.0
Hyde Park             ,20122,289000.0
Hyde Park             ,20123,282950.0
Hyde Park             ,20124,252320.0
Irving Park           ,20051,245875.0
Irving Park           ,20052,220000.0
Irving Park           ,20053,223050.0
Irving Park           ,20054,219000.0
Irving Park           ,20061,220000.0
Irving Park           ,20062,209500.0
Irving Park           ,20063,199750.0
Irving Park           ,20064,260000.0
Irving Park           ,20071,253000.0
Irving Park           ,20072,231000.0
Irving Park           ,20073,207500.0
Irving Park           ,20074,250950.0
Irving Park           ,20081,278000.0
Irving Park           ,20082,260000.0
Irving Park           ,20083,202654.0
Irving Park           ,20084,246500.0
Irving Park           ,20091,296500.0
Irving Park           ,20092,259000.0
Irving Park           ,20093,236575.0
Irving Park           ,20094,247130.0
Irving Park           ,20101,248749.5
Irving Park           ,20102,250000.0
Irving Park           ,20103,259950.0
Irving Park           ,20104,249400.0
Irving Park           ,20111,212900.0
Irving Park           ,20112,206100.0
Irving Park           ,20113,228068.0
Irving Park           ,20114,223500.0
Irving Park           ,20121,238750.0
Irving Park           ,20122,258925.0
Irving Park           ,20123,242170.5
Irving Park           ,20124,251827.0
Jefferson Park        ,20051,199675.0
Jefferson Park        ,20052,195000.0
Jefferson Park        ,20053,220500.0
Jefferson Park        ,20054,200000.0
Jefferson Park        ,20061,175600.0
Jefferson Park        ,20062,200000.0
Jefferson Park        ,20063,163000.0
Jefferson Park        ,20064,208200.0
Jefferson Park        ,20071,211400.0
Jefferson Park        ,20072,180000.0
Jefferson Park        ,20073,150000.0
Jefferson Park        ,20074,224500.0
Jefferson Park        ,20081,228050.0
Jefferson Park        ,20082,215420.0
Jefferson Park        ,20083,231500.0
Jefferson Park        ,20084,220000.0
Jefferson Park        ,20091,224941.5
Jefferson Park        ,20092,230000.0
Jefferson Park        ,20093,221362.0
Jefferson Park        ,20094,225000.0
Jefferson Park        ,20101,221250.0
Jefferson Park        ,20102,197671.0
Jefferson Park        ,20103,221680.0
Jefferson Park        ,20104,208000.0
Jefferson Park        ,20111,198400.0
Jefferson Park        ,20112,208060.0
Jefferson Park        ,20113,189000.0
Jefferson Park        ,20114,180000.0
Jefferson Park        ,20121,174893.0
Jefferson Park        ,20122,209500.0
Jefferson Park        ,20123,200551.0
Jefferson Park        ,20124,189500.0
Kenwood               ,20051,282417.5
Kenwood               ,20052,268800.0
Kenwood               ,20053,250807.5
Kenwood               ,20054,250000.0
Kenwood               ,20061,267500.0
Kenwood               ,20062,195574.91
Kenwood               ,20063,247500.0
Kenwood               ,20064,250000.0
Kenwood               ,20071,286500.0
Kenwood               ,20072,320000.0
Kenwood               ,20073,282000.0
Kenwood               ,20074,273650.0
Kenwood               ,20081,288000.0
Kenwood               ,20082,250000.0
Kenwood               ,20083,294863.5
Kenwood               ,20084,360000.0
Kenwood               ,20091,337500.0
Kenwood               ,20092,336127.0
Kenwood               ,20093,312625.5
Kenwood               ,20094,265237.0
Kenwood               ,20101,326522.0
Kenwood               ,20102,332859.5
Kenwood               ,20103,300000.0
Kenwood               ,20104,348000.0
Kenwood               ,20111,360472.5
Kenwood               ,20112,214604.0
Kenwood               ,20113,294717.0
Kenwood               ,20114,307357.5
Kenwood               ,20121,360000.0
Kenwood               ,20122,280917.0
Kenwood               ,20123,373000.0
Kenwood               ,20124,342500.0
Lakeview              ,20051,400000.0
Lakeview              ,20052,400000.0
Lakeview              ,20053,415750.0
Lakeview              ,20054,463000.0
Lakeview              ,20061,360000.0
Lakeview              ,20062,400000.0
Lakeview              ,20063,400000.0
Lakeview              ,20064,413000.0
Lakeview              ,20071,412000.0
Lakeview              ,20072,400000.0
Lakeview              ,20073,387329.5
Lakeview              ,20074,400000.0
Lakeview              ,20081,417000.0
Lakeview              ,20082,400000.0
Lakeview              ,20083,413600.0
Lakeview              ,20084,382000.0
Lakeview              ,20091,380000.0
Lakeview              ,20092,380000.0
Lakeview              ,20093,417000.0
Lakeview              ,20094,416500.0
Lakeview              ,20101,417000.0
Lakeview              ,20102,417000.0
Lakeview              ,20103,407000.0
Lakeview              ,20104,410500.0
Lakeview              ,20111,428750.0
Lakeview              ,20112,417000.0
Lakeview              ,20113,408500.0
Lakeview              ,20114,408763.0
Lakeview              ,20121,407500.0
Lakeview              ,20122,409600.0
Lakeview              ,20123,410300.0
Lakeview              ,20124,403000.0
Lincoln Park          ,20051,469500.0
Lincoln Park          ,20052,479000.0
Lincoln Park          ,20053,511200.0
Lincoln Park          ,20054,500000.0
Lincoln Park          ,20061,537925.0
Lincoln Park          ,20062,420500.0
Lincoln Park          ,20063,424000.0
Lincoln Park          ,20064,500000.0
Lincoln Park          ,20071,540000.0
Lincoln Park          ,20072,548000.0
Lincoln Park          ,20073,424000.0
Lincoln Park          ,20074,417000.0
Lincoln Park          ,20081,417000.0
Lincoln Park          ,20082,417000.0
Lincoln Park          ,20083,417000.0
Lincoln Park          ,20084,407674.5
Lincoln Park          ,20091,406000.0
Lincoln Park          ,20092,412200.0
Lincoln Park          ,20093,417000.0
Lincoln Park          ,20094,417000.0
Lincoln Park          ,20101,417000.0
Lincoln Park          ,20102,417000.0
Lincoln Park          ,20103,417000.0
Lincoln Park          ,20104,415500.0
Lincoln Park          ,20111,535750.0
Lincoln Park          ,20112,417000.0
Lincoln Park          ,20113,417000.0
Lincoln Park          ,20114,416050.0
Lincoln Park          ,20121,417000.0
Lincoln Park          ,20122,436250.0
Lincoln Park          ,20123,417000.0
Lincoln Park          ,20124,417000.0
Lincoln Square        ,20051,232000.0
Lincoln Square        ,20052,265300.0
Lincoln Square        ,20053,266100.0
Lincoln Square        ,20054,294804.0
Lincoln Square        ,20061,245000.0
Lincoln Square        ,20062,250000.0
Lincoln Square        ,20063,200500.0
Lincoln Square        ,20064,284000.0
Lincoln Square        ,20071,265000.0
Lincoln Square        ,20072,253500.0
Lincoln Square        ,20073,250000.0
Lincoln Square        ,20074,292500.0
Lincoln Square        ,20081,357000.0
Lincoln Square        ,20082,333000.0
Lincoln Square        ,20083,320000.0
Lincoln Square        ,20084,307500.0
Lincoln Square        ,20091,350000.0
Lincoln Square        ,20092,332596.0
Lincoln Square        ,20093,338125.5
Lincoln Square        ,20094,320000.0
Lincoln Square        ,20101,262000.0
Lincoln Square        ,20102,345000.0
Lincoln Square        ,20103,362000.0
Lincoln Square        ,20104,326000.0
Lincoln Square        ,20111,265000.0
Lincoln Square        ,20112,276294.0
Lincoln Square        ,20113,331500.0
Lincoln Square        ,20114,334000.0
Lincoln Square        ,20121,332500.0
Lincoln Square        ,20122,336000.0
Lincoln Square        ,20123,334900.0
Lincoln Square        ,20124,331800.0
Logan Square          ,20051,231000.0
Logan Square          ,20052,242910.0
Logan Square          ,20053,246500.0
Logan Square          ,20054,239920.0
Logan Square          ,20061,230930.0
Logan Square          ,20062,246500.0
Logan Square          ,20063,255000.0
Logan Square          ,20064,264500.0
Logan Square          ,20071,279500.0
Logan Square          ,20072,291750.0
Logan Square          ,20073,260600.0
Logan Square          ,20074,254200.0
Logan Square          ,20081,321500.0
Logan Square          ,20082,261950.0
Logan Square          ,20083,282700.0
Logan Square          ,20084,333250.0
Logan Square          ,20091,326300.0
Logan Square          ,20092,324536.5
Logan Square          ,20093,317400.0
Logan Square          ,20094,339517.0
Logan Square          ,20101,317567.0
Logan Square          ,20102,301975.0
Logan Square          ,20103,339000.0
Logan Square          ,20104,345250.0
Logan Square          ,20111,306000.0
Logan Square          ,20112,292500.0
Logan Square          ,20113,335200.0
Logan Square          ,20114,327875.0
Logan Square          ,20121,358221.70999999996
Logan Square          ,20122,310750.0
Logan Square          ,20123,341000.0
Logan Square          ,20124,345260.0
Loop                  ,20051,78456250.0
Loop                  ,20053,102000.0
Loop                  ,20054,115400.0
Loop                  ,20061,10112500.5
Loop                  ,20062,800000.0
Loop                  ,20071,142525.0
Loop                  ,20073,148000.0
Loop                  ,20074,191150.0
Loop                  ,20081,154100.0
Loop                  ,20083,2300000.0
Loop                  ,20091,5400000.0
Loop                  ,20092,175000.0
Loop                  ,20094,100000.0
Loop                  ,20101,417000.0
Loop                  ,20102,413500.0
Loop                  ,20103,417000.0
Loop                  ,20104,517615.0
Loop                  ,20111,426817.5
Loop                  ,20112,417000.0
Loop                  ,20113,418500.0
Loop                  ,20114,417000.0
Loop                  ,20122,1500000.0
Loop                  ,20124,97500.0
Lower West Side       ,20051,142500.0
Lower West Side       ,20052,132000.0
Lower West Side       ,20053,158000.0
Lower West Side       ,20054,140633.2
Lower West Side       ,20061,160000.0
Lower West Side       ,20062,167500.0
Lower West Side       ,20063,196000.0
Lower West Side       ,20064,153000.0
Lower West Side       ,20071,156000.0
Lower West Side       ,20072,170000.0
Lower West Side       ,20073,100000.0
Lower West Side       ,20074,177200.0
Lower West Side       ,20081,169750.0
Lower West Side       ,20082,149000.0
Lower West Side       ,20083,163850.0
Lower West Side       ,20084,177625.0
Lower West Side       ,20091,168000.0
Lower West Side       ,20092,167000.0
Lower West Side       ,20093,159737.5
Lower West Side       ,20094,160000.0
Lower West Side       ,20101,242533.5
Lower West Side       ,20102,172674.0
Lower West Side       ,20103,138685.0
Lower West Side       ,20104,150100.0
Lower West Side       ,20111,169927.5
Lower West Side       ,20112,123801.5
Lower West Side       ,20113,111054.0
Lower West Side       ,20114,101250.0
Lower West Side       ,20121,154005.5
Lower West Side       ,20122,123947.0
Lower West Side       ,20123,135500.0
Lower West Side       ,20124,135000.0
McKinley Park         ,20051,137200.0
McKinley Park         ,20052,144000.0
McKinley Park         ,20053,151050.0
McKinley Park         ,20054,160300.0
McKinley Park         ,20061,148000.0
McKinley Park         ,20062,144000.0
McKinley Park         ,20063,164566.0
McKinley Park         ,20064,142500.0
McKinley Park         ,20071,104400.0
McKinley Park         ,20072,167000.0
McKinley Park         ,20073,168500.0
McKinley Park         ,20074,157000.0
McKinley Park         ,20081,170500.0
McKinley Park         ,20082,150871.0
McKinley Park         ,20083,146651.5
McKinley Park         ,20084,160000.0
McKinley Park         ,20091,160700.0
McKinley Park         ,20092,172680.5
McKinley Park         ,20093,171830.0
McKinley Park         ,20094,150000.0
McKinley Park         ,20101,119500.0
McKinley Park         ,20102,142070.5
McKinley Park         ,20103,174623.5
McKinley Park         ,20104,159000.0
McKinley Park         ,20111,120495.0
McKinley Park         ,20112,130000.0
McKinley Park         ,20113,138836.5
McKinley Park         ,20114,132000.0
McKinley Park         ,20121,149793.175
McKinley Park         ,20122,119500.0
McKinley Park         ,20123,128000.0
McKinley Park         ,20124,135000.0
Montclare             ,20051,199200.0
Montclare             ,20052,182000.0
Montclare             ,20053,206250.0
Montclare             ,20054,206000.0
Montclare             ,20061,220500.0
Montclare             ,20062,199400.0
Montclare             ,20063,200000.0
Montclare             ,20064,230000.0
Montclare             ,20071,230750.0
Montclare             ,20072,200000.0
Montclare             ,20073,212000.0
Montclare             ,20074,250000.0
Montclare             ,20081,233025.0
Montclare             ,20082,229500.0
Montclare             ,20083,222000.0
Montclare             ,20084,192697.5
Montclare             ,20091,182500.0
Montclare             ,20092,171000.0
Montclare             ,20093,178722.0
Montclare             ,20094,160429.0
Montclare             ,20101,153596.0
Montclare             ,20102,149125.0
Montclare             ,20103,163025.0
Montclare             ,20104,168250.0
Montclare             ,20111,155481.0
Montclare             ,20112,163000.0
Montclare             ,20113,143925.0
Montclare             ,20114,148300.0
Montclare             ,20121,169000.0
Montclare             ,20122,160000.0
Montclare             ,20123,202760.0
Montclare             ,20124,147541.5
Morgan Park           ,20051,112250.0
Morgan Park           ,20052,113250.0
Morgan Park           ,20053,123500.0
Morgan Park           ,20054,116800.0
Morgan Park           ,20061,120300.0
Morgan Park           ,20062,112217.0
Morgan Park           ,20063,125000.0
Morgan Park           ,20064,127100.0
Morgan Park           ,20071,135500.0
Morgan Park           ,20072,129900.0
Morgan Park           ,20073,128877.215
Morgan Park           ,20074,154584.0
Morgan Park           ,20081,169000.0
Morgan Park           ,20082,150000.0
Morgan Park           ,20083,154400.0
Morgan Park           ,20084,192042.0
Morgan Park           ,20091,185000.0
Morgan Park           ,20092,189700.0
Morgan Park           ,20093,169955.0
Morgan Park           ,20094,198600.0
Morgan Park           ,20101,155000.0
Morgan Park           ,20102,162807.0
Morgan Park           ,20103,183396.0
Morgan Park           ,20104,162005.5
Morgan Park           ,20111,155822.0
Morgan Park           ,20112,143419.0
Morgan Park           ,20113,145899.0
Morgan Park           ,20114,162965.5
Morgan Park           ,20121,150500.0
Morgan Park           ,20122,149036.0
Morgan Park           ,20123,153950.0
Morgan Park           ,20124,152000.0
Mount Greenwood       ,20051,147500.0
Mount Greenwood       ,20052,140000.0
Mount Greenwood       ,20053,139400.0
Mount Greenwood       ,20054,150800.0
Mount Greenwood       ,20061,125000.0
Mount Greenwood       ,20062,150000.0
Mount Greenwood       ,20063,107118.5
Mount Greenwood       ,20064,156350.0
Mount Greenwood       ,20071,166250.0
Mount Greenwood       ,20072,144000.0
Mount Greenwood       ,20073,150625.0
Mount Greenwood       ,20074,178250.0
Mount Greenwood       ,20081,191937.5
Mount Greenwood       ,20082,185600.0
Mount Greenwood       ,20083,118850.0
Mount Greenwood       ,20084,197601.32
Mount Greenwood       ,20091,198000.0
Mount Greenwood       ,20092,196600.0
Mount Greenwood       ,20093,184000.0
Mount Greenwood       ,20094,192000.0
Mount Greenwood       ,20101,201465.0
Mount Greenwood       ,20102,190000.0
Mount Greenwood       ,20103,180000.0
Mount Greenwood       ,20104,183523.0
Mount Greenwood       ,20111,158500.0
Mount Greenwood       ,20112,160000.0
Mount Greenwood       ,20113,177873.0
Mount Greenwood       ,20114,165690.0
Mount Greenwood       ,20121,177330.5
Mount Greenwood       ,20122,168200.0
Mount Greenwood       ,20123,172000.0
Mount Greenwood       ,20124,175690.0
Near North Side       ,20051,429500.0
Near North Side       ,20052,359650.0
Near North Side       ,20053,408000.0
Near North Side       ,20054,528800.0
Near North Side       ,20061,400000.0
Near North Side       ,20062,496000.0
Near North Side       ,20063,358400.0
Near North Side       ,20064,505500.0
Near North Side       ,20071,500000.0
Near North Side       ,20072,450000.0
Near North Side       ,20073,365000.0
Near North Side       ,20074,320000.0
Near North Side       ,20081,417000.0
Near North Side       ,20082,417000.0
Near North Side       ,20083,417000.0
Near North Side       ,20084,400000.0
Near North Side       ,20091,414400.0
Near North Side       ,20092,417000.0
Near North Side       ,20093,417000.0
Near North Side       ,20094,405000.0
Near North Side       ,20101,417000.0
Near North Side       ,20102,416000.0
Near North Side       ,20103,417000.0
Near North Side       ,20104,413600.0
Near North Side       ,20111,417000.0
Near North Side       ,20112,391500.0
Near North Side       ,20113,407500.0
Near North Side       ,20114,417000.0
Near North Side       ,20121,408000.0
Near North Side       ,20122,417000.0
Near North Side       ,20123,385000.0
Near North Side       ,20124,417000.0
Near South Side       ,20051,256000.0
Near South Side       ,20052,350000.0
Near South Side       ,20053,330000.0
Near South Side       ,20054,335250.0
Near South Side       ,20061,200000.0
Near South Side       ,20062,165000.0
Near South Side       ,20063,307000.0
Near South Side       ,20064,345000.0
Near South Side       ,20071,380000.0
Near South Side       ,20072,327625.0
Near South Side       ,20073,223485.0
Near South Side       ,20074,245000.0
Near South Side       ,20081,368612.5
Near South Side       ,20082,287500.0
Near South Side       ,20083,299700.0
Near South Side       ,20084,370225.0
Near South Side       ,20091,374000.0
Near South Side       ,20092,343500.0
Near South Side       ,20093,332252.0
Near South Side       ,20094,379500.0
Near South Side       ,20101,372000.0
Near South Side       ,20102,372800.0
Near South Side       ,20103,338000.0
Near South Side       ,20104,381000.0
Near South Side       ,20111,317500.0
Near South Side       ,20112,351000.0
Near South Side       ,20113,349000.0
Near South Side       ,20114,354175.0
Near South Side       ,20121,353500.0
Near South Side       ,20122,351500.0
Near South Side       ,20123,371224.5
Near South Side       ,20124,362000.0
Near West Side        ,20051,240625.0
Near West Side        ,20052,240500.0
Near West Side        ,20053,200000.0
Near West Side        ,20054,224535.0
Near West Side        ,20061,209600.0
Near West Side        ,20062,286460.0
Near West Side        ,20063,250000.0
Near West Side        ,20064,302000.0
Near West Side        ,20071,300000.0
Near West Side        ,20072,250000.0
Near West Side        ,20073,279000.0
Near West Side        ,20074,293600.0
Near West Side        ,20081,317300.0
Near West Side        ,20082,292000.0
Near West Side        ,20083,311250.0
Near West Side        ,20084,323960.0
Near West Side        ,20091,307727.0
Near West Side        ,20092,334205.0
Near West Side        ,20093,300000.0
Near West Side        ,20094,315000.0
Near West Side        ,20101,300000.0
Near West Side        ,20102,347000.0
Near West Side        ,20103,337500.0
Near West Side        ,20104,340500.0
Near West Side        ,20111,282450.0
Near West Side        ,20112,339664.0
Near West Side        ,20113,320000.0
Near West Side        ,20114,324000.0
Near West Side        ,20121,334609.0
Near West Side        ,20122,315459.0
Near West Side        ,20123,310960.0
Near West Side        ,20124,303200.0
New City              ,20051,97500.0
New City              ,20052,105000.0
New City              ,20053,107952.725
New City              ,20054,108400.0
New City              ,20061,108000.0
New City              ,20062,109572.5
New City              ,20063,123350.0
New City              ,20064,120000.0
New City              ,20071,130400.0
New City              ,20072,126500.0
New City              ,20073,119000.0
New City              ,20074,126100.0
New City              ,20081,120850.0
New City              ,20082,139000.0
New City              ,20083,169175.83000000002
New City              ,20084,125700.0
New City              ,20091,200000.0
New City              ,20092,165000.0
New City              ,20093,129500.0
New City              ,20094,210339.5
New City              ,20101,171000.5
New City              ,20102,132605.0
New City              ,20103,150000.0
New City              ,20104,147503.0
New City              ,20111,161000.0
New City              ,20112,115424.0
New City              ,20113,134750.0
New City              ,20114,151041.5
New City              ,20121,101476.0
New City              ,20122,110543.0
New City              ,20123,139556.0
New City              ,20124,172651.0
North Center          ,20051,350000.0
North Center          ,20052,341200.0
North Center          ,20053,359650.0
North Center          ,20054,299600.0
North Center          ,20061,350000.0
North Center          ,20062,358075.0
North Center          ,20063,374000.0
North Center          ,20064,380000.0
North Center          ,20071,360000.0
North Center          ,20072,378750.0
North Center          ,20073,301800.0
North Center          ,20074,350000.0
North Center          ,20081,414250.0
North Center          ,20082,390250.0
North Center          ,20083,357750.0
North Center          ,20084,373046.41000000003
North Center          ,20091,400000.0
North Center          ,20092,402500.0
North Center          ,20093,415000.0
North Center          ,20094,413205.5
North Center          ,20101,385000.0
North Center          ,20102,408000.0
North Center          ,20103,409000.0
North Center          ,20104,410250.0
North Center          ,20111,414200.0
North Center          ,20112,417000.0
North Center          ,20113,413000.0
North Center          ,20114,404500.0
North Center          ,20121,400000.0
North Center          ,20122,413845.0
North Center          ,20123,405000.0
North Center          ,20124,404000.0
North Cook            ,20051,250000.0
North Cook            ,20052,250000.0
North Cook            ,20053,258000.0
North Cook            ,20054,250000.0
North Cook            ,20061,245000.0
North Cook            ,20062,250000.0
North Cook            ,20063,250000.0
North Cook            ,20064,275000.0
North Cook            ,20071,273000.0
North Cook            ,20072,262500.0
North Cook            ,20073,250000.0
North Cook            ,20074,252000.0
North Cook            ,20081,300000.0
North Cook            ,20082,272000.0
North Cook            ,20083,278718.5
North Cook            ,20084,285000.0
North Cook            ,20091,300000.0
North Cook            ,20092,291450.0
North Cook            ,20093,285000.0
North Cook            ,20094,287000.0
North Cook            ,20101,278500.0
North Cook            ,20102,278840.0
North Cook            ,20103,295000.0
North Cook            ,20104,300000.0
North Cook            ,20111,263994.0
North Cook            ,20112,259032.5
North Cook            ,20113,284000.0
North Cook            ,20114,300000.0
North Cook            ,20121,290000.0
North Cook            ,20122,281600.0
North Cook            ,20123,300000.0
North Cook            ,20124,290000.0
North Lawndale        ,20051,117432.0
North Lawndale        ,20052,105000.0
North Lawndale        ,20053,110107.0
North Lawndale        ,20054,120000.0
North Lawndale        ,20061,125352.0
North Lawndale        ,20062,114470.0
North Lawndale        ,20063,128864.87
North Lawndale        ,20064,120000.0
North Lawndale        ,20071,160000.0
North Lawndale        ,20072,100000.5
North Lawndale        ,20073,117500.0
North Lawndale        ,20074,136500.0
North Lawndale        ,20081,150000.0
North Lawndale        ,20082,128270.0
North Lawndale        ,20083,151176.5
North Lawndale        ,20084,168000.0
North Lawndale        ,20091,249223.0
North Lawndale        ,20092,176000.0
North Lawndale        ,20093,167439.5
North Lawndale        ,20094,131160.5
North Lawndale        ,20101,151539.5
North Lawndale        ,20102,198164.5
North Lawndale        ,20103,26705.15
North Lawndale        ,20104,127500.0
North Lawndale        ,20111,300000.0
North Lawndale        ,20112,138662.0
North Lawndale        ,20113,102338.0
North Lawndale        ,20114,34250.0
North Lawndale        ,20121,107000.0
North Lawndale        ,20122,113518.5
North Lawndale        ,20123,234825.0
North Lawndale        ,20124,111150.0
North Park            ,20051,214000.0
North Park            ,20052,250000.0
North Park            ,20053,210000.0
North Park            ,20054,264775.0
North Park            ,20061,234000.0
North Park            ,20062,200000.0
North Park            ,20063,195000.0
North Park            ,20064,254700.0
North Park            ,20071,225000.0
North Park            ,20072,245625.0
North Park            ,20073,200000.0
North Park            ,20074,252500.0
North Park            ,20081,250000.0
North Park            ,20082,236000.0
North Park            ,20083,195000.0
North Park            ,20084,238675.0
North Park            ,20091,248000.0
North Park            ,20092,268226.0
North Park            ,20093,248000.0
North Park            ,20094,248250.0
North Park            ,20101,260200.0
North Park            ,20102,243355.0
North Park            ,20103,254000.0
North Park            ,20104,240000.0
North Park            ,20111,200000.0
North Park            ,20112,218160.0
North Park            ,20113,222000.0
North Park            ,20114,234375.0
North Park            ,20121,229789.0
North Park            ,20122,249400.0
North Park            ,20123,228750.0
North Park            ,20124,210784.0
Northwest Cook        ,20051,173100.0
Northwest Cook        ,20052,175150.5
Northwest Cook        ,20053,175000.0
Northwest Cook        ,20054,168000.0
Northwest Cook        ,20061,159200.0
Northwest Cook        ,20062,163000.0
Northwest Cook        ,20063,160000.0
Northwest Cook        ,20064,180800.0
Northwest Cook        ,20071,183600.0
Northwest Cook        ,20072,182000.0
Northwest Cook        ,20073,178200.0
Northwest Cook        ,20074,189000.0
Northwest Cook        ,20081,215349.5
Northwest Cook        ,20082,200000.0
Northwest Cook        ,20083,190000.0
Northwest Cook        ,20084,204000.0
Northwest Cook        ,20091,224500.0
Northwest Cook        ,20092,215000.0
Northwest Cook        ,20093,205189.0
Northwest Cook        ,20094,213000.0
Northwest Cook        ,20101,200000.0
Northwest Cook        ,20102,199201.0
Northwest Cook        ,20103,212058.0
Northwest Cook        ,20104,208000.0
Northwest Cook        ,20111,181500.0
Northwest Cook        ,20112,181364.0
Northwest Cook        ,20113,190000.0
Northwest Cook        ,20114,194665.0
Northwest Cook        ,20121,193500.0
Northwest Cook        ,20122,191340.0
Northwest Cook        ,20123,199500.0
Northwest Cook        ,20124,197652.38
Norwood Park          ,20051,201500.0
Norwood Park          ,20052,210000.0
Norwood Park          ,20053,210000.0
Norwood Park          ,20054,180000.0
Norwood Park          ,20061,200000.0
Norwood Park          ,20062,180530.5
Norwood Park          ,20063,156800.0
Norwood Park          ,20064,200000.0
Norwood Park          ,20071,211500.0
Norwood Park          ,20072,193200.0
Norwood Park          ,20073,181000.0
Norwood Park          ,20074,199967.0
Norwood Park          ,20081,261000.0
Norwood Park          ,20082,221968.5
Norwood Park          ,20083,216500.0
Norwood Park          ,20084,242328.0
Norwood Park          ,20091,260000.0
Norwood Park          ,20092,234945.0
Norwood Park          ,20093,229122.5
Norwood Park          ,20094,230743.0
Norwood Park          ,20101,235326.5
Norwood Park          ,20102,240000.0
Norwood Park          ,20103,225325.0
Norwood Park          ,20104,222000.0
Norwood Park          ,20111,202231.0
Norwood Park          ,20112,200000.0
Norwood Park          ,20113,200000.0
Norwood Park          ,20114,215185.45500000002
Norwood Park          ,20121,213000.0
Norwood Park          ,20122,206722.0
Norwood Park          ,20123,227000.0
Norwood Park          ,20124,222400.0
O'Hare                ,20051,210000.0
O'Hare                ,20052,246000.0
O'Hare                ,20053,269000.0
O'Hare                ,20054,150000.0
O'Hare                ,20061,176000.0
O'Hare                ,20062,235000.0
O'Hare                ,20063,200000.0
O'Hare                ,20064,147000.0
O'Hare                ,20071,181600.0
O'Hare                ,20072,200000.0
O'Hare                ,20073,204000.0
O'Hare                ,20074,246000.0
O'Hare                ,20081,323000.0
O'Hare                ,20082,148500.0
O'Hare                ,20083,170000.0
O'Hare                ,20084,223750.0
O'Hare                ,20091,263000.0
O'Hare                ,20092,200000.0
O'Hare                ,20093,228125.0
O'Hare                ,20094,211105.0
O'Hare                ,20101,253000.0
O'Hare                ,20102,210000.0
O'Hare                ,20103,231200.0
O'Hare                ,20104,236900.0
O'Hare                ,20111,257050.0
O'Hare                ,20112,214500.0
O'Hare                ,20113,245000.0
O'Hare                ,20114,226750.0
O'Hare                ,20121,224000.0
O'Hare                ,20122,243000.0
O'Hare                ,20123,223000.0
O'Hare                ,20124,216750.0
Oakland               ,20051,232600.0
Oakland               ,20052,244000.0
Oakland               ,20053,255000.0
Oakland               ,20054,750000.0
Oakland               ,20061,309000.0
Oakland               ,20062,197500.0
Oakland               ,20063,279468.8
Oakland               ,20064,266000.0
Oakland               ,20071,199000.0
Oakland               ,20072,265615.0
Oakland               ,20073,182625.0
Oakland               ,20074,276000.0
Oakland               ,20081,290000.0
Oakland               ,20082,247500.0
Oakland               ,20083,309847.0
Oakland               ,20084,4320000.0
Oakland               ,20091,231776.0
Oakland               ,20092,259500.0
Oakland               ,20093,337757.0
Oakland               ,20094,335059.0
Oakland               ,20101,369500.0
Oakland               ,20102,340763.5
Oakland               ,20103,240000.0
Oakland               ,20104,334634.0
Oakland               ,20111,284100.0
Oakland               ,20112,362569.0
Oakland               ,20113,288895.0
Oakland               ,20114,334400.0
Oakland               ,20121,240000.0
Oakland               ,20122,172000.0
Oakland               ,20123,269243.5
Oakland               ,20124,285000.0
Portage Park          ,20051,200000.0
Portage Park          ,20052,200000.0
Portage Park          ,20053,213534.0
Portage Park          ,20054,191250.0
Portage Park          ,20061,179500.0
Portage Park          ,20062,200000.0
Portage Park          ,20063,183000.0
Portage Park          ,20064,218887.0
Portage Park          ,20071,220500.0
Portage Park          ,20072,191800.0
Portage Park          ,20073,166000.0
Portage Park          ,20074,208000.0
Portage Park          ,20081,231575.0
Portage Park          ,20082,218000.0
Portage Park          ,20083,206500.0
Portage Park          ,20084,226500.0
Portage Park          ,20091,227100.0
Portage Park          ,20092,215000.0
Portage Park          ,20093,181250.0
Portage Park          ,20094,200526.0
Portage Park          ,20101,187250.0
Portage Park          ,20102,196217.0
Portage Park          ,20103,202897.5
Portage Park          ,20104,190000.0
Portage Park          ,20111,180855.0
Portage Park          ,20112,161500.0
Portage Park          ,20113,180000.0
Portage Park          ,20114,195300.0
Portage Park          ,20121,175517.0
Portage Park          ,20122,187600.0
Portage Park          ,20123,192663.5
Portage Park          ,20124,187750.0
Pullman               ,20051,94250.0
Pullman               ,20052,94200.0
Pullman               ,20053,100000.0
Pullman               ,20054,90000.0
Pullman               ,20061,82500.0
Pullman               ,20062,95400.0
Pullman               ,20063,112000.0
Pullman               ,20064,108000.0
Pullman               ,20071,124000.0
Pullman               ,20072,112750.0
Pullman               ,20073,80650.0
Pullman               ,20074,109900.0
Pullman               ,20081,108637.035
Pullman               ,20082,131000.0
Pullman               ,20083,108585.5
Pullman               ,20084,140955.0
Pullman               ,20091,133292.0
Pullman               ,20092,131695.5
Pullman               ,20093,125329.0
Pullman               ,20094,95136.0
Pullman               ,20101,142450.0
Pullman               ,20102,105460.0
Pullman               ,20103,119258.5
Pullman               ,20104,117587.0
Pullman               ,20111,97000.0
Pullman               ,20112,90739.0
Pullman               ,20113,120000.0
Pullman               ,20114,59200.0
Pullman               ,20121,80421.99
Pullman               ,20122,105000.0
Pullman               ,20123,103256.5
Pullman               ,20124,86592.0
Riverdale             ,20051,60900.0
Riverdale             ,20052,68794.0
Riverdale             ,20053,64000.0
Riverdale             ,20054,72000.0
Riverdale             ,20061,72250.0
Riverdale             ,20062,65500.0
Riverdale             ,20063,85000.0
Riverdale             ,20064,83161.5
Riverdale             ,20071,71800.0
Riverdale             ,20072,73500.0
Riverdale             ,20073,78500.0
Riverdale             ,20074,72000.0
Riverdale             ,20081,71575.0
Riverdale             ,20082,64800.0
Riverdale             ,20083,90000.0
Riverdale             ,20084,121500.0
Riverdale             ,20091,180750.0
Riverdale             ,20092,192000.0
Riverdale             ,20093,125860.0
Riverdale             ,20094,76389.0
Riverdale             ,20101,101500.0
Riverdale             ,20102,135875.0
Riverdale             ,20112,154500.0
Riverdale             ,20113,74755.0
Riverdale             ,20121,98300.0
Riverdale             ,20123,84933.0
Riverdale             ,20124,46518.0
Rogers Park           ,20051,206000.0
Rogers Park           ,20052,189800.0
Rogers Park           ,20053,188000.0
Rogers Park           ,20054,202750.0
Rogers Park           ,20061,183500.0
Rogers Park           ,20062,163000.0
Rogers Park           ,20063,178900.0
Rogers Park           ,20064,186000.0
Rogers Park           ,20071,165750.0
Rogers Park           ,20072,143500.0
Rogers Park           ,20073,117000.0
Rogers Park           ,20074,196875.0
Rogers Park           ,20081,249000.0
Rogers Park           ,20082,210000.0
Rogers Park           ,20083,183600.0
Rogers Park           ,20084,198500.0
Rogers Park           ,20091,187995.5
Rogers Park           ,20092,225000.0
Rogers Park           ,20093,222900.0
Rogers Park           ,20094,200000.0
Rogers Park           ,20101,209960.0
Rogers Park           ,20102,209900.0
Rogers Park           ,20103,221880.0
Rogers Park           ,20104,238000.0
Rogers Park           ,20111,262000.0
Rogers Park           ,20112,248020.0
Rogers Park           ,20113,240000.0
Rogers Park           ,20114,208000.0
Rogers Park           ,20121,245686.0
Rogers Park           ,20122,215000.0
Rogers Park           ,20123,200025.0
Rogers Park           ,20124,217500.0
Roseland              ,20051,97550.0
Roseland              ,20052,93300.0
Roseland              ,20053,100000.0
Roseland              ,20054,97000.0
Roseland              ,20061,101500.0
Roseland              ,20062,105000.0
Roseland              ,20063,110000.0
Roseland              ,20064,102000.0
Roseland              ,20071,112985.5
Roseland              ,20072,112000.0
Roseland              ,20073,116999.28
Roseland              ,20074,129931.07
Roseland              ,20081,125930.0
Roseland              ,20082,126200.0
Roseland              ,20083,118750.0
Roseland              ,20084,148180.0
Roseland              ,20091,166657.0
Roseland              ,20092,152761.5
Roseland              ,20093,137431.0
Roseland              ,20094,121688.0
Roseland              ,20101,125681.0
Roseland              ,20102,115685.5
Roseland              ,20103,115600.0
Roseland              ,20104,104625.0
Roseland              ,20111,110000.0
Roseland              ,20112,98402.0
Roseland              ,20113,101427.0
Roseland              ,20114,98045.0
Roseland              ,20121,98761.0
Roseland              ,20122,112600.0
Roseland              ,20123,110265.0
Roseland              ,20124,106743.0
South Chicago         ,20051,95350.0
South Chicago         ,20052,102450.0
South Chicago         ,20053,102000.0
South Chicago         ,20054,102010.0
South Chicago         ,20061,110125.0
South Chicago         ,20062,115800.0
South Chicago         ,20063,110400.0
South Chicago         ,20064,117150.0
South Chicago         ,20071,124000.0
South Chicago         ,20072,130200.0
South Chicago         ,20073,124900.0
South Chicago         ,20074,144626.56
South Chicago         ,20081,132618.0
South Chicago         ,20082,138000.0
South Chicago         ,20083,146384.0
South Chicago         ,20084,156000.0
South Chicago         ,20091,170765.0
South Chicago         ,20092,151907.0
South Chicago         ,20093,140618.0
South Chicago         ,20094,147250.0
South Chicago         ,20101,138128.0
South Chicago         ,20102,112340.0
South Chicago         ,20103,160400.0
South Chicago         ,20104,131060.0
South Chicago         ,20111,123000.0
South Chicago         ,20112,85000.0
South Chicago         ,20113,89125.0
South Chicago         ,20114,57259.0
South Chicago         ,20121,99354.5
South Chicago         ,20122,123000.0
South Chicago         ,20123,86272.0
South Chicago         ,20124,67312.0
South Cook            ,20051,99700.0
South Cook            ,20052,99900.0
South Cook            ,20053,100890.5
South Cook            ,20054,102400.0
South Cook            ,20061,100000.0
South Cook            ,20062,103377.0
South Cook            ,20063,107000.0
South Cook            ,20064,112000.0
South Cook            ,20071,114400.0
South Cook            ,20072,117200.0
South Cook            ,20073,113458.6
South Cook            ,20074,125800.0
South Cook            ,20081,129500.0
South Cook            ,20082,127896.5
South Cook            ,20083,126875.0
South Cook            ,20084,124228.5
South Cook            ,20091,134000.0
South Cook            ,20092,127569.0
South Cook            ,20093,119250.0
South Cook            ,20094,120761.0
South Cook            ,20101,112867.5
South Cook            ,20102,112500.0
South Cook            ,20103,112951.5
South Cook            ,20104,113471.0
South Cook            ,20111,109808.0
South Cook            ,20112,102500.0
South Cook            ,20113,106250.5
South Cook            ,20114,103997.0
South Cook            ,20121,102338.0
South Cook            ,20122,107500.0
South Cook            ,20123,108000.0
South Cook            ,20124,108000.0
South Deering         ,20051,80375.0
South Deering         ,20052,76500.0
South Deering         ,20053,82385.0
South Deering         ,20054,85500.0
South Deering         ,20061,102850.0
South Deering         ,20062,87700.0
South Deering         ,20063,94500.0
South Deering         ,20064,91717.4
South Deering         ,20071,98200.0
South Deering         ,20072,101250.0
South Deering         ,20073,97600.0
South Deering         ,20074,99725.0
South Deering         ,20081,101057.5
South Deering         ,20082,101000.0
South Deering         ,20083,108592.5
South Deering         ,20084,111161.0
South Deering         ,20091,120000.0
South Deering         ,20092,117410.0
South Deering         ,20093,102767.0
South Deering         ,20094,100000.0
South Deering         ,20101,87550.0
South Deering         ,20102,78919.0
South Deering         ,20103,82500.0
South Deering         ,20104,68000.0
South Deering         ,20111,102577.5
South Deering         ,20112,93262.0
South Deering         ,20113,88766.0
South Deering         ,20114,63181.34
South Deering         ,20121,68250.0
South Deering         ,20122,68500.0
South Deering         ,20123,68208.0
South Deering         ,20124,98525.0
South Lawndale        ,20051,120300.0
South Lawndale        ,20052,128750.0
South Lawndale        ,20053,136000.0
South Lawndale        ,20054,126000.0
South Lawndale        ,20061,133500.0
South Lawndale        ,20062,144000.0
South Lawndale        ,20063,129998.61
South Lawndale        ,20064,136000.0
South Lawndale        ,20071,160500.0
South Lawndale        ,20072,150000.0
South Lawndale        ,20073,125937.5
South Lawndale        ,20074,127345.265
South Lawndale        ,20081,128100.0
South Lawndale        ,20082,141825.0
South Lawndale        ,20083,157100.0
South Lawndale        ,20084,108000.0
South Lawndale        ,20091,112000.0
South Lawndale        ,20092,121350.0
South Lawndale        ,20093,99045.0
South Lawndale        ,20094,88369.0
South Lawndale        ,20101,86719.0
South Lawndale        ,20102,60000.0
South Lawndale        ,20103,87602.0
South Lawndale        ,20104,69000.0
South Lawndale        ,20111,69069.0
South Lawndale        ,20112,59415.0
South Lawndale        ,20113,65325.0
South Lawndale        ,20114,85290.0
South Lawndale        ,20121,96600.0
South Lawndale        ,20122,100000.0
South Lawndale        ,20123,112512.5
South Lawndale        ,20124,84145.5
South Shore           ,20051,123520.5
South Shore           ,20052,120000.0
South Shore           ,20053,117380.0
South Shore           ,20054,127000.0
South Shore           ,20061,129000.0
South Shore           ,20062,111150.0
South Shore           ,20063,131225.0
South Shore           ,20064,146000.0
South Shore           ,20071,150000.0
South Shore           ,20072,150000.0
South Shore           ,20073,136500.0
South Shore           ,20074,180800.0
South Shore           ,20081,168490.0
South Shore           ,20082,175655.0
South Shore           ,20083,154640.0
South Shore           ,20084,155000.0
South Shore           ,20091,186558.0
South Shore           ,20092,190030.5
South Shore           ,20093,142424.0
South Shore           ,20094,179594.5
South Shore           ,20101,180119.0
South Shore           ,20102,154516.0
South Shore           ,20103,165792.0
South Shore           ,20104,138200.0
South Shore           ,20111,179462.5
South Shore           ,20112,143785.0
South Shore           ,20113,129570.0
South Shore           ,20114,157104.0
South Shore           ,20121,129278.35
South Shore           ,20122,157500.0
South Shore           ,20123,134133.0
South Shore           ,20124,140427.0
Southwest Cook        ,20051,140000.0
Southwest Cook        ,20052,145600.0
Southwest Cook        ,20053,147920.0
Southwest Cook        ,20054,145000.0
Southwest Cook        ,20061,133510.0
Southwest Cook        ,20062,136800.0
Southwest Cook        ,20063,138000.0
Southwest Cook        ,20064,156000.0
Southwest Cook        ,20071,151000.0
Southwest Cook        ,20072,150000.0
Southwest Cook        ,20073,142650.0
Southwest Cook        ,20074,156750.0
Southwest Cook        ,20081,173532.5
Southwest Cook        ,20082,160000.0
Southwest Cook        ,20083,152000.0
Southwest Cook        ,20084,171500.0
Southwest Cook        ,20091,182166.0
Southwest Cook        ,20092,175600.0
Southwest Cook        ,20093,167960.0
Southwest Cook        ,20094,172000.0
Southwest Cook        ,20101,160638.0
Southwest Cook        ,20102,165000.0
Southwest Cook        ,20103,170432.0
Southwest Cook        ,20104,170000.0
Southwest Cook        ,20111,151070.0
Southwest Cook        ,20112,146595.0
Southwest Cook        ,20113,153563.0
Southwest Cook        ,20114,157600.0
Southwest Cook        ,20121,155944.0
Southwest Cook        ,20122,151550.5
Southwest Cook        ,20123,155677.0
Southwest Cook        ,20124,152689.0
Uptown                ,20051,252500.0
Uptown                ,20052,256000.0
Uptown                ,20053,369200.0
Uptown                ,20054,250000.0
Uptown                ,20061,332850.0
Uptown                ,20062,292500.0
Uptown                ,20063,292000.0
Uptown                ,20064,284500.0
Uptown                ,20071,269000.0
Uptown                ,20072,306000.0
Uptown                ,20073,205500.0
Uptown                ,20074,260600.0
Uptown                ,20081,271200.0
Uptown                ,20082,279872.5
Uptown                ,20083,311000.0
Uptown                ,20084,313000.0
Uptown                ,20091,330000.0
Uptown                ,20092,310000.0
Uptown                ,20093,390537.0
Uptown                ,20094,290000.0
Uptown                ,20101,405000.0
Uptown                ,20102,298630.0
Uptown                ,20103,377807.0
Uptown                ,20104,324000.0
Uptown                ,20111,391185.5
Uptown                ,20112,325000.0
Uptown                ,20113,348000.0
Uptown                ,20114,339375.0
Uptown                ,20121,358000.0
Uptown                ,20122,371920.0
Uptown                ,20123,356000.0
Uptown                ,20124,356000.0
Washingon Park        ,20051,121875.0
Washingon Park        ,20052,100000.0
Washingon Park        ,20053,98800.0
Washingon Park        ,20054,64250.0
Washingon Park        ,20061,107500.0
Washingon Park        ,20062,136000.0
Washingon Park        ,20063,88000.0
Washingon Park        ,20064,130500.0
Washingon Park        ,20071,212750.0
Washingon Park        ,20072,77600.0
Washingon Park        ,20073,195000.0
Washingon Park        ,20074,182000.0
Washingon Park        ,20081,167500.0
Washingon Park        ,20082,336230.0
Washingon Park        ,20083,1157373.5
Washingon Park        ,20084,567500.0
Washingon Park        ,20091,517750.0
Washingon Park        ,20092,339768.0
Washingon Park        ,20093,195710.0
Washingon Park        ,20094,318986.0
Washingon Park        ,20101,210000.0
Washingon Park        ,20102,100000.0
Washingon Park        ,20103,2230000.0
Washingon Park        ,20104,320632.0
Washingon Park        ,20111,71617.0
Washingon Park        ,20112,34150.0
Washingon Park        ,20114,35000.0
Washingon Park        ,20121,188594.5
Washingon Park        ,20122,179650.0
Washingon Park        ,20123,38112.0
Washingon Park        ,20124,274928.0
Washington Heights    ,20051,108000.0
Washington Heights    ,20052,108000.0
Washington Heights    ,20053,112000.0
Washington Heights    ,20054,112500.0
Washington Heights    ,20061,106863.5
Washington Heights    ,20062,118400.0
Washington Heights    ,20063,118000.0
Washington Heights    ,20064,120000.0
Washington Heights    ,20071,135000.0
Washington Heights    ,20072,134300.0
Washington Heights    ,20073,128000.0
Washington Heights    ,20074,140000.0
Washington Heights    ,20081,140800.0
Washington Heights    ,20082,140832.5
Washington Heights    ,20083,154850.0
Washington Heights    ,20084,167373.0
Washington Heights    ,20091,168292.0
Washington Heights    ,20092,138852.0
Washington Heights    ,20093,150486.0
Washington Heights    ,20094,143608.5
Washington Heights    ,20101,127645.0
Washington Heights    ,20102,122429.5
Washington Heights    ,20103,107600.0
Washington Heights    ,20104,106800.0
Washington Heights    ,20111,113471.0
Washington Heights    ,20112,131920.0
Washington Heights    ,20113,124200.0
Washington Heights    ,20114,110669.0
Washington Heights    ,20121,115304.0
Washington Heights    ,20122,111646.5
Washington Heights    ,20123,120900.0
Washington Heights    ,20124,112554.5
West Cook             ,20051,157082.5
West Cook             ,20052,157000.0
West Cook             ,20053,162500.0
West Cook             ,20054,160000.0
West Cook             ,20061,155000.0
West Cook             ,20062,159920.0
West Cook             ,20063,163500.0
West Cook             ,20064,174500.0
West Cook             ,20071,175500.0
West Cook             ,20072,178500.0
West Cook             ,20073,172000.0
West Cook             ,20074,180000.0
West Cook             ,20081,200000.0
West Cook             ,20082,187064.0
West Cook             ,20083,180807.0
West Cook             ,20084,190000.0
West Cook             ,20091,221970.0
West Cook             ,20092,206024.0
West Cook             ,20093,188977.0
West Cook             ,20094,192400.0
West Cook             ,20101,185424.0
West Cook             ,20102,176225.0
West Cook             ,20103,200000.0
West Cook             ,20104,203000.0
West Cook             ,20111,165690.0
West Cook             ,20112,161550.0
West Cook             ,20113,172554.0
West Cook             ,20114,189024.5
West Cook             ,20121,183217.0
West Cook             ,20122,179822.0
West Cook             ,20123,190900.0
West Cook             ,20124,182000.0
West Elsdon           ,20051,155000.0
West Elsdon           ,20052,156780.0
West Elsdon           ,20053,160000.0
West Elsdon           ,20054,154000.0
West Elsdon           ,20061,145000.0
West Elsdon           ,20062,159900.0
West Elsdon           ,20063,169750.0
West Elsdon           ,20064,156750.0
West Elsdon           ,20071,185000.0
West Elsdon           ,20072,179440.2
West Elsdon           ,20073,177500.0
West Elsdon           ,20074,174600.0
West Elsdon           ,20081,179000.0
West Elsdon           ,20082,162750.0
West Elsdon           ,20083,155500.0
West Elsdon           ,20084,159080.5
West Elsdon           ,20091,167784.5
West Elsdon           ,20092,140192.5
West Elsdon           ,20093,139345.0
West Elsdon           ,20094,142065.0
West Elsdon           ,20101,127200.0
West Elsdon           ,20102,144000.0
West Elsdon           ,20103,125000.0
West Elsdon           ,20104,121500.0
West Elsdon           ,20111,120650.0
West Elsdon           ,20112,120065.0
West Elsdon           ,20113,113052.5
West Elsdon           ,20114,109289.0
West Elsdon           ,20121,110000.0
West Elsdon           ,20122,121361.0
West Elsdon           ,20123,112000.0
West Elsdon           ,20124,114831.5
West Englewood        ,20051,83750.0
West Englewood        ,20052,88000.0
West Englewood        ,20053,91300.0
West Englewood        ,20054,92000.0
West Englewood        ,20061,95200.0
West Englewood        ,20062,97500.0
West Englewood        ,20063,100000.0
West Englewood        ,20064,104000.0
West Englewood        ,20071,106325.0
West Englewood        ,20072,108750.0
West Englewood        ,20073,109597.75
West Englewood        ,20074,115000.0
West Englewood        ,20081,112450.0
West Englewood        ,20082,108000.0
West Englewood        ,20083,158340.0
West Englewood        ,20084,160663.0
West Englewood        ,20091,128000.0
West Englewood        ,20092,138000.0
West Englewood        ,20093,137084.0
West Englewood        ,20094,135000.0
West Englewood        ,20101,105743.0
West Englewood        ,20102,124515.0
West Englewood        ,20103,91250.0
West Englewood        ,20104,75000.0
West Englewood        ,20111,77055.0
West Englewood        ,20112,96001.0
West Englewood        ,20113,82500.0
West Englewood        ,20114,71800.0
West Englewood        ,20121,90000.0
West Englewood        ,20122,88350.0
West Englewood        ,20123,97500.0
West Englewood        ,20124,84428.0
West Garfield         ,20051,111250.0
West Garfield         ,20052,128250.0
West Garfield         ,20053,95187.44
West Garfield         ,20054,126750.0
West Garfield         ,20061,112700.0
West Garfield         ,20062,130875.0
West Garfield         ,20063,126250.0
West Garfield         ,20064,130900.0
West Garfield         ,20071,104069.0
West Garfield         ,20072,125350.0
West Garfield         ,20073,143225.0
West Garfield         ,20074,127519.5
West Garfield         ,20081,141482.79499999998
West Garfield         ,20082,113000.0
West Garfield         ,20083,138000.0
West Garfield         ,20084,148867.0
West Garfield         ,20091,69400.0
West Garfield         ,20092,176354.0
West Garfield         ,20093,133675.0
West Garfield         ,20094,113100.0
West Garfield         ,20101,195000.0
West Garfield         ,20102,114664.0
West Garfield         ,20103,188486.0
West Garfield         ,20104,131985.0
West Garfield         ,20111,68225.0
West Garfield         ,20112,112614.0
West Garfield         ,20113,37400.0
West Garfield         ,20114,34948.5
West Garfield         ,20121,46594.0
West Garfield         ,20122,160091.0
West Garfield         ,20123,135399.0
West Garfield         ,20124,52500.0
West Lawn             ,20051,158250.0
West Lawn             ,20052,163200.0
West Lawn             ,20053,165000.0
West Lawn             ,20054,163000.0
West Lawn             ,20061,164000.0
West Lawn             ,20062,167200.0
West Lawn             ,20063,169500.0
West Lawn             ,20064,165000.0
West Lawn             ,20071,180000.0
West Lawn             ,20072,190000.0
West Lawn             ,20073,186800.0
West Lawn             ,20074,183330.0
West Lawn             ,20081,175487.5
West Lawn             ,20082,171050.0
West Lawn             ,20083,170252.5
West Lawn             ,20084,159750.0
West Lawn             ,20091,158302.0
West Lawn             ,20092,150000.0
West Lawn             ,20093,131752.0
West Lawn             ,20094,127710.0
West Lawn             ,20101,116200.0
West Lawn             ,20102,128250.0
West Lawn             ,20103,124919.5
West Lawn             ,20104,121831.0
West Lawn             ,20111,108341.5
West Lawn             ,20112,112000.0
West Lawn             ,20113,116958.0
West Lawn             ,20114,116260.5
West Lawn             ,20121,124725.0
West Lawn             ,20122,142373.0
West Lawn             ,20123,128106.0
West Lawn             ,20124,123244.0
West Pullman          ,20051,92000.0
West Pullman          ,20052,96195.37
West Pullman          ,20053,97250.0
West Pullman          ,20054,99839.61
West Pullman          ,20061,100000.0
West Pullman          ,20062,102000.0
West Pullman          ,20063,105000.0
West Pullman          ,20064,101600.0
West Pullman          ,20071,110000.0
West Pullman          ,20072,114825.0
West Pullman          ,20073,114000.0
West Pullman          ,20074,112000.0
West Pullman          ,20081,112000.0
West Pullman          ,20082,114215.0
West Pullman          ,20083,121598.5
West Pullman          ,20084,126000.0
West Pullman          ,20091,138108.0
West Pullman          ,20092,123422.0
West Pullman          ,20093,129510.0
West Pullman          ,20094,124918.345
West Pullman          ,20101,110220.0
West Pullman          ,20102,116040.0
West Pullman          ,20103,105000.0
West Pullman          ,20104,94025.0
West Pullman          ,20111,105000.0
West Pullman          ,20112,100000.0
West Pullman          ,20113,83833.0
West Pullman          ,20114,95868.0
West Pullman          ,20121,88650.0
West Pullman          ,20122,80000.0
West Pullman          ,20123,97963.20999999999
West Pullman          ,20124,94250.0
West Ridge            ,20051,225000.0
West Ridge            ,20052,200000.0
West Ridge            ,20053,216000.0
West Ridge            ,20054,194000.0
West Ridge            ,20061,204800.0
West Ridge            ,20062,199000.0
West Ridge            ,20063,190000.0
West Ridge            ,20064,200000.0
West Ridge            ,20071,200000.0
West Ridge            ,20072,189000.0
West Ridge            ,20073,200000.0
West Ridge            ,20074,214000.0
West Ridge            ,20081,250000.0
West Ridge            ,20082,204015.0
West Ridge            ,20083,200000.0
West Ridge            ,20084,245800.0
West Ridge            ,20091,260000.0
West Ridge            ,20092,229500.0
West Ridge            ,20093,200500.0
West Ridge            ,20094,248750.0
West Ridge            ,20101,230000.0
West Ridge            ,20102,211000.0
West Ridge            ,20103,244000.0
West Ridge            ,20104,225000.0
West Ridge            ,20111,201000.0
West Ridge            ,20112,176700.0
West Ridge            ,20113,209687.5
West Ridge            ,20114,207000.0
West Ridge            ,20121,236200.0
West Ridge            ,20122,212553.0
West Ridge            ,20123,242400.0
West Ridge            ,20124,225500.0
West Town             ,20051,331500.0
West Town             ,20052,287100.0
West Town             ,20053,329800.0
West Town             ,20054,356600.0
West Town             ,20061,318000.0
West Town             ,20062,327000.0
West Town             ,20063,325000.0
West Town             ,20064,362000.0
West Town             ,20071,368000.0
West Town             ,20072,352000.0
West Town             ,20073,250000.0
West Town             ,20074,333000.0
West Town             ,20081,383000.0
West Town             ,20082,350000.0
West Town             ,20083,348250.0
West Town             ,20084,361975.0
West Town             ,20091,392500.0
West Town             ,20092,370800.0
West Town             ,20093,343375.0
West Town             ,20094,373201.5
West Town             ,20101,392580.0
West Town             ,20102,400800.0
West Town             ,20103,395100.0
West Town             ,20104,393350.0
West Town             ,20111,395000.0
West Town             ,20112,387430.0
West Town             ,20113,386000.0
West Town             ,20114,392000.0
West Town             ,20121,384250.0
West Town             ,20122,390000.0
West Town             ,20123,387500.0
West Town             ,20124,375000.0
Woodlawn              ,20051,103500.0
Woodlawn              ,20052,135587.5
Woodlawn              ,20053,156000.0
Woodlawn              ,20054,119575.0
Woodlawn              ,20061,138500.0
Woodlawn              ,20062,148500.0
Woodlawn              ,20063,127000.0
Woodlawn              ,20064,152500.0
Woodlawn              ,20071,181520.0
Woodlawn              ,20072,146000.0
Woodlawn              ,20073,175000.0
Woodlawn              ,20074,211800.0
Woodlawn              ,20081,204000.0
Woodlawn              ,20082,200964.4
Woodlawn              ,20083,235000.0
Woodlawn              ,20084,175000.0
Woodlawn              ,20091,121411.0
Woodlawn              ,20092,238000.0
Woodlawn              ,20093,183000.0
Woodlawn              ,20094,350000.0
Woodlawn              ,20101,111000.0
Woodlawn              ,20102,239601.5
Woodlawn              ,20103,204975.5
Woodlawn              ,20104,137000.0
Woodlawn              ,20111,165690.0
Woodlawn              ,20112,139500.0
Woodlawn              ,20113,158300.0
Woodlawn              ,20114,137425.0
Woodlawn              ,20121,211302.5
Woodlawn              ,20122,108983.0
Woodlawn              ,20123,179858.0
Woodlawn              ,20124,163588.5
