Albany Park           ,20051,1
Albany Park           ,20052,2
Albany Park           ,20053,2
Albany Park           ,20054,4
Albany Park           ,20061,4
Albany Park           ,20062,5
Albany Park           ,20063,7
Albany Park           ,20064,5
Albany Park           ,20071,6
Albany Park           ,20072,6
Albany Park           ,20073,26
Albany Park           ,20074,16
Albany Park           ,20081,12
Albany Park           ,20082,21
Albany Park           ,20083,8
Albany Park           ,20084,25
Albany Park           ,20091,22
Albany Park           ,20092,13
Albany Park           ,20093,37
Albany Park           ,20094,16
Albany Park           ,20101,25
Albany Park           ,20102,31
Albany Park           ,20103,19
Albany Park           ,20104,26
Albany Park           ,20111,23
Albany Park           ,20112,13
Albany Park           ,20113,20
Albany Park           ,20114,12
Albany Park           ,20121,16
Albany Park           ,20122,18
Albany Park           ,20123,20
Albany Park           ,20124,9
Archer Heights        ,20051,3
Archer Heights        ,20052,4
Archer Heights        ,20053,5
Archer Heights        ,20054,5
Archer Heights        ,20061,6
Archer Heights        ,20062,2
Archer Heights        ,20063,6
Archer Heights        ,20064,8
Archer Heights        ,20071,4
Archer Heights        ,20072,4
Archer Heights        ,20073,10
Archer Heights        ,20074,11
Archer Heights        ,20081,12
Archer Heights        ,20082,15
Archer Heights        ,20083,21
Archer Heights        ,20084,21
Archer Heights        ,20091,21
Archer Heights        ,20092,12
Archer Heights        ,20093,18
Archer Heights        ,20094,15
Archer Heights        ,20101,17
Archer Heights        ,20102,25
Archer Heights        ,20103,24
Archer Heights        ,20104,23
Archer Heights        ,20111,22
Archer Heights        ,20112,11
Archer Heights        ,20113,15
Archer Heights        ,20114,12
Archer Heights        ,20121,13
Archer Heights        ,20122,19
Archer Heights        ,20123,13
Archer Heights        ,20124,11
Armour Square         ,20051,1
Armour Square         ,20061,1
Armour Square         ,20064,1
Armour Square         ,20072,1
Armour Square         ,20074,1
Armour Square         ,20082,1
Armour Square         ,20083,1
Armour Square         ,20084,2
Armour Square         ,20091,1
Armour Square         ,20092,1
Armour Square         ,20093,1
Armour Square         ,20101,1
Armour Square         ,20102,2
Armour Square         ,20103,1
Armour Square         ,20104,2
Armour Square         ,20111,1
Armour Square         ,20113,2
Armour Square         ,20114,2
Armour Square         ,20123,4
Ashburn               ,20051,64
Ashburn               ,20052,44
Ashburn               ,20053,56
Ashburn               ,20054,72
Ashburn               ,20061,56
Ashburn               ,20062,57
Ashburn               ,20063,83
Ashburn               ,20064,78
Ashburn               ,20071,86
Ashburn               ,20072,75
Ashburn               ,20073,94
Ashburn               ,20074,92
Ashburn               ,20081,108
Ashburn               ,20082,121
Ashburn               ,20083,138
Ashburn               ,20084,144
Ashburn               ,20091,140
Ashburn               ,20092,58
Ashburn               ,20093,169
Ashburn               ,20094,163
Ashburn               ,20101,163
Ashburn               ,20102,152
Ashburn               ,20103,148
Ashburn               ,20104,148
Ashburn               ,20111,135
Ashburn               ,20112,112
Ashburn               ,20113,104
Ashburn               ,20114,134
Ashburn               ,20121,128
Ashburn               ,20122,164
Ashburn               ,20123,163
Ashburn               ,20124,112
Auburn Gresham        ,20051,67
Auburn Gresham        ,20052,43
Auburn Gresham        ,20053,75
Auburn Gresham        ,20054,83
Auburn Gresham        ,20061,61
Auburn Gresham        ,20062,56
Auburn Gresham        ,20063,87
Auburn Gresham        ,20064,86
Auburn Gresham        ,20071,92
Auburn Gresham        ,20072,71
Auburn Gresham        ,20073,99
Auburn Gresham        ,20074,120
Auburn Gresham        ,20081,114
Auburn Gresham        ,20082,87
Auburn Gresham        ,20083,105
Auburn Gresham        ,20084,121
Auburn Gresham        ,20091,112
Auburn Gresham        ,20092,34
Auburn Gresham        ,20093,110
Auburn Gresham        ,20094,95
Auburn Gresham        ,20101,99
Auburn Gresham        ,20102,97
Auburn Gresham        ,20103,79
Auburn Gresham        ,20104,86
Auburn Gresham        ,20111,66
Auburn Gresham        ,20112,76
Auburn Gresham        ,20113,72
Auburn Gresham        ,20114,89
Auburn Gresham        ,20121,67
Auburn Gresham        ,20122,90
Auburn Gresham        ,20123,105
Auburn Gresham        ,20124,82
Austin                ,20051,88
Austin                ,20052,60
Austin                ,20053,71
Austin                ,20054,71
Austin                ,20061,79
Austin                ,20062,67
Austin                ,20063,91
Austin                ,20064,83
Austin                ,20071,95
Austin                ,20072,90
Austin                ,20073,110
Austin                ,20074,158
Austin                ,20081,125
Austin                ,20082,108
Austin                ,20083,112
Austin                ,20084,126
Austin                ,20091,141
Austin                ,20092,64
Austin                ,20093,123
Austin                ,20094,132
Austin                ,20101,121
Austin                ,20102,116
Austin                ,20103,101
Austin                ,20104,86
Austin                ,20111,99
Austin                ,20112,83
Austin                ,20113,68
Austin                ,20114,94
Austin                ,20121,101
Austin                ,20122,116
Austin                ,20123,122
Austin                ,20124,86
Avalon Park           ,20051,21
Avalon Park           ,20052,19
Avalon Park           ,20053,20
Avalon Park           ,20054,26
Avalon Park           ,20061,25
Avalon Park           ,20062,36
Avalon Park           ,20063,29
Avalon Park           ,20064,22
Avalon Park           ,20071,27
Avalon Park           ,20072,18
Avalon Park           ,20073,33
Avalon Park           ,20074,31
Avalon Park           ,20081,25
Avalon Park           ,20082,25
Avalon Park           ,20083,30
Avalon Park           ,20084,37
Avalon Park           ,20091,35
Avalon Park           ,20092,15
Avalon Park           ,20093,31
Avalon Park           ,20094,27
Avalon Park           ,20101,31
Avalon Park           ,20102,34
Avalon Park           ,20103,24
Avalon Park           ,20104,31
Avalon Park           ,20111,44
Avalon Park           ,20112,28
Avalon Park           ,20113,22
Avalon Park           ,20114,32
Avalon Park           ,20121,32
Avalon Park           ,20122,38
Avalon Park           ,20123,41
Avalon Park           ,20124,20
Avondale              ,20051,3
Avondale              ,20052,1
Avondale              ,20053,1
Avondale              ,20054,3
Avondale              ,20061,8
Avondale              ,20062,4
Avondale              ,20063,4
Avondale              ,20064,5
Avondale              ,20071,3
Avondale              ,20072,6
Avondale              ,20073,8
Avondale              ,20074,12
Avondale              ,20081,11
Avondale              ,20082,22
Avondale              ,20083,17
Avondale              ,20084,14
Avondale              ,20091,17
Avondale              ,20092,6
Avondale              ,20093,22
Avondale              ,20094,32
Avondale              ,20101,24
Avondale              ,20102,15
Avondale              ,20103,30
Avondale              ,20104,19
Avondale              ,20111,19
Avondale              ,20112,22
Avondale              ,20113,10
Avondale              ,20114,13
Avondale              ,20121,11
Avondale              ,20122,20
Avondale              ,20123,10
Avondale              ,20124,12
Belmont Cragin        ,20051,23
Belmont Cragin        ,20052,25
Belmont Cragin        ,20053,24
Belmont Cragin        ,20054,22
Belmont Cragin        ,20061,29
Belmont Cragin        ,20062,29
Belmont Cragin        ,20063,39
Belmont Cragin        ,20064,33
Belmont Cragin        ,20071,40
Belmont Cragin        ,20072,55
Belmont Cragin        ,20073,61
Belmont Cragin        ,20074,84
Belmont Cragin        ,20081,97
Belmont Cragin        ,20082,102
Belmont Cragin        ,20083,134
Belmont Cragin        ,20084,101
Belmont Cragin        ,20091,150
Belmont Cragin        ,20092,81
Belmont Cragin        ,20093,173
Belmont Cragin        ,20094,159
Belmont Cragin        ,20101,135
Belmont Cragin        ,20102,159
Belmont Cragin        ,20103,166
Belmont Cragin        ,20104,138
Belmont Cragin        ,20111,107
Belmont Cragin        ,20112,97
Belmont Cragin        ,20113,99
Belmont Cragin        ,20114,102
Belmont Cragin        ,20121,96
Belmont Cragin        ,20122,94
Belmont Cragin        ,20123,108
Belmont Cragin        ,20124,67
Beverly               ,20051,16
Beverly               ,20052,12
Beverly               ,20053,13
Beverly               ,20054,21
Beverly               ,20061,14
Beverly               ,20062,17
Beverly               ,20063,18
Beverly               ,20064,15
Beverly               ,20071,22
Beverly               ,20072,17
Beverly               ,20073,20
Beverly               ,20074,22
Beverly               ,20081,23
Beverly               ,20082,26
Beverly               ,20083,26
Beverly               ,20084,26
Beverly               ,20091,32
Beverly               ,20092,18
Beverly               ,20093,28
Beverly               ,20094,36
Beverly               ,20101,23
Beverly               ,20102,33
Beverly               ,20103,30
Beverly               ,20104,32
Beverly               ,20111,26
Beverly               ,20112,37
Beverly               ,20113,30
Beverly               ,20114,29
Beverly               ,20121,27
Beverly               ,20122,38
Beverly               ,20123,41
Beverly               ,20124,13
Bridgeport            ,20051,4
Bridgeport            ,20052,5
Bridgeport            ,20053,5
Bridgeport            ,20054,5
Bridgeport            ,20061,9
Bridgeport            ,20062,4
Bridgeport            ,20063,3
Bridgeport            ,20064,3
Bridgeport            ,20071,6
Bridgeport            ,20072,10
Bridgeport            ,20073,8
Bridgeport            ,20074,8
Bridgeport            ,20081,15
Bridgeport            ,20082,4
Bridgeport            ,20083,10
Bridgeport            ,20084,14
Bridgeport            ,20091,11
Bridgeport            ,20092,6
Bridgeport            ,20093,13
Bridgeport            ,20094,14
Bridgeport            ,20101,12
Bridgeport            ,20102,20
Bridgeport            ,20103,11
Bridgeport            ,20104,14
Bridgeport            ,20111,14
Bridgeport            ,20112,12
Bridgeport            ,20113,6
Bridgeport            ,20114,12
Bridgeport            ,20121,16
Bridgeport            ,20122,19
Bridgeport            ,20123,9
Bridgeport            ,20124,5
Brighton Park         ,20051,5
Brighton Park         ,20052,6
Brighton Park         ,20053,8
Brighton Park         ,20054,3
Brighton Park         ,20061,7
Brighton Park         ,20062,5
Brighton Park         ,20063,13
Brighton Park         ,20064,7
Brighton Park         ,20071,7
Brighton Park         ,20072,17
Brighton Park         ,20073,17
Brighton Park         ,20074,17
Brighton Park         ,20081,15
Brighton Park         ,20082,18
Brighton Park         ,20083,25
Brighton Park         ,20084,33
Brighton Park         ,20091,33
Brighton Park         ,20092,10
Brighton Park         ,20093,47
Brighton Park         ,20094,35
Brighton Park         ,20101,27
Brighton Park         ,20102,29
Brighton Park         ,20103,37
Brighton Park         ,20104,30
Brighton Park         ,20111,22
Brighton Park         ,20112,24
Brighton Park         ,20113,15
Brighton Park         ,20114,15
Brighton Park         ,20121,22
Brighton Park         ,20122,31
Brighton Park         ,20123,30
Brighton Park         ,20124,16
Burnside              ,20051,7
Burnside              ,20052,6
Burnside              ,20053,10
Burnside              ,20054,10
Burnside              ,20061,7
Burnside              ,20062,4
Burnside              ,20063,8
Burnside              ,20064,8
Burnside              ,20071,9
Burnside              ,20072,7
Burnside              ,20073,17
Burnside              ,20074,11
Burnside              ,20081,13
Burnside              ,20082,9
Burnside              ,20083,13
Burnside              ,20084,12
Burnside              ,20091,13
Burnside              ,20092,6
Burnside              ,20093,10
Burnside              ,20094,11
Burnside              ,20101,16
Burnside              ,20102,9
Burnside              ,20103,7
Burnside              ,20104,5
Burnside              ,20111,6
Burnside              ,20112,3
Burnside              ,20113,8
Burnside              ,20114,10
Burnside              ,20121,11
Burnside              ,20122,9
Burnside              ,20123,12
Burnside              ,20124,5
Calumet Heights       ,20051,28
Calumet Heights       ,20052,23
Calumet Heights       ,20053,23
Calumet Heights       ,20054,26
Calumet Heights       ,20061,17
Calumet Heights       ,20062,23
Calumet Heights       ,20063,39
Calumet Heights       ,20064,38
Calumet Heights       ,20071,39
Calumet Heights       ,20072,26
Calumet Heights       ,20073,55
Calumet Heights       ,20074,36
Calumet Heights       ,20081,34
Calumet Heights       ,20082,34
Calumet Heights       ,20083,40
Calumet Heights       ,20084,26
Calumet Heights       ,20091,47
Calumet Heights       ,20092,15
Calumet Heights       ,20093,35
Calumet Heights       ,20094,38
Calumet Heights       ,20101,32
Calumet Heights       ,20102,44
Calumet Heights       ,20103,47
Calumet Heights       ,20104,33
Calumet Heights       ,20111,17
Calumet Heights       ,20112,29
Calumet Heights       ,20113,33
Calumet Heights       ,20114,39
Calumet Heights       ,20121,31
Calumet Heights       ,20122,33
Calumet Heights       ,20123,67
Calumet Heights       ,20124,42
Chatham               ,20051,34
Chatham               ,20052,24
Chatham               ,20053,17
Chatham               ,20054,38
Chatham               ,20061,53
Chatham               ,20062,42
Chatham               ,20063,38
Chatham               ,20064,43
Chatham               ,20071,48
Chatham               ,20072,40
Chatham               ,20073,56
Chatham               ,20074,52
Chatham               ,20081,55
Chatham               ,20082,44
Chatham               ,20083,54
Chatham               ,20084,50
Chatham               ,20091,59
Chatham               ,20092,17
Chatham               ,20093,64
Chatham               ,20094,68
Chatham               ,20101,48
Chatham               ,20102,44
Chatham               ,20103,58
Chatham               ,20104,53
Chatham               ,20111,49
Chatham               ,20112,42
Chatham               ,20113,43
Chatham               ,20114,55
Chatham               ,20121,54
Chatham               ,20122,37
Chatham               ,20123,70
Chatham               ,20124,43
Chicago Lawn          ,20051,69
Chicago Lawn          ,20052,43
Chicago Lawn          ,20053,56
Chicago Lawn          ,20054,68
Chicago Lawn          ,20061,57
Chicago Lawn          ,20062,57
Chicago Lawn          ,20063,85
Chicago Lawn          ,20064,104
Chicago Lawn          ,20071,94
Chicago Lawn          ,20072,71
Chicago Lawn          ,20073,94
Chicago Lawn          ,20074,113
Chicago Lawn          ,20081,139
Chicago Lawn          ,20082,120
Chicago Lawn          ,20083,132
Chicago Lawn          ,20084,144
Chicago Lawn          ,20091,165
Chicago Lawn          ,20092,58
Chicago Lawn          ,20093,160
Chicago Lawn          ,20094,157
Chicago Lawn          ,20101,132
Chicago Lawn          ,20102,130
Chicago Lawn          ,20103,132
Chicago Lawn          ,20104,113
Chicago Lawn          ,20111,114
Chicago Lawn          ,20112,85
Chicago Lawn          ,20113,102
Chicago Lawn          ,20114,89
Chicago Lawn          ,20121,88
Chicago Lawn          ,20122,99
Chicago Lawn          ,20123,121
Chicago Lawn          ,20124,88
Clearing              ,20051,15
Clearing              ,20052,10
Clearing              ,20053,14
Clearing              ,20054,7
Clearing              ,20061,10
Clearing              ,20062,7
Clearing              ,20063,21
Clearing              ,20064,23
Clearing              ,20071,19
Clearing              ,20072,10
Clearing              ,20073,21
Clearing              ,20074,26
Clearing              ,20081,40
Clearing              ,20082,30
Clearing              ,20083,37
Clearing              ,20084,38
Clearing              ,20091,36
Clearing              ,20092,17
Clearing              ,20093,44
Clearing              ,20094,48
Clearing              ,20101,53
Clearing              ,20102,43
Clearing              ,20103,56
Clearing              ,20104,34
Clearing              ,20111,38
Clearing              ,20112,37
Clearing              ,20113,40
Clearing              ,20114,38
Clearing              ,20121,38
Clearing              ,20122,36
Clearing              ,20123,46
Clearing              ,20124,36
Douglas               ,20051,2
Douglas               ,20052,5
Douglas               ,20053,3
Douglas               ,20054,3
Douglas               ,20061,5
Douglas               ,20062,1
Douglas               ,20063,5
Douglas               ,20064,4
Douglas               ,20071,7
Douglas               ,20072,4
Douglas               ,20073,7
Douglas               ,20074,10
Douglas               ,20081,9
Douglas               ,20082,7
Douglas               ,20083,4
Douglas               ,20084,3
Douglas               ,20091,11
Douglas               ,20092,3
Douglas               ,20093,5
Douglas               ,20094,8
Douglas               ,20101,7
Douglas               ,20102,8
Douglas               ,20103,7
Douglas               ,20104,7
Douglas               ,20111,11
Douglas               ,20112,3
Douglas               ,20113,6
Douglas               ,20114,11
Douglas               ,20121,8
Douglas               ,20122,4
Douglas               ,20123,9
Douglas               ,20124,2
Dunning               ,20051,22
Dunning               ,20052,11
Dunning               ,20053,14
Dunning               ,20054,16
Dunning               ,20061,20
Dunning               ,20062,22
Dunning               ,20063,16
Dunning               ,20064,19
Dunning               ,20071,24
Dunning               ,20072,33
Dunning               ,20073,43
Dunning               ,20074,59
Dunning               ,20081,84
Dunning               ,20082,71
Dunning               ,20083,89
Dunning               ,20084,96
Dunning               ,20091,93
Dunning               ,20092,34
Dunning               ,20093,137
Dunning               ,20094,115
Dunning               ,20101,93
Dunning               ,20102,98
Dunning               ,20103,92
Dunning               ,20104,80
Dunning               ,20111,75
Dunning               ,20112,51
Dunning               ,20113,74
Dunning               ,20114,61
Dunning               ,20121,57
Dunning               ,20122,72
Dunning               ,20123,66
Dunning               ,20124,52
East Garfield         ,20051,5
East Garfield         ,20052,6
East Garfield         ,20053,10
East Garfield         ,20054,4
East Garfield         ,20061,1
East Garfield         ,20062,4
East Garfield         ,20063,11
East Garfield         ,20064,4
East Garfield         ,20071,8
East Garfield         ,20072,4
East Garfield         ,20073,6
East Garfield         ,20074,11
East Garfield         ,20081,16
East Garfield         ,20082,10
East Garfield         ,20083,9
East Garfield         ,20084,8
East Garfield         ,20091,13
East Garfield         ,20092,3
East Garfield         ,20093,14
East Garfield         ,20094,13
East Garfield         ,20101,12
East Garfield         ,20102,13
East Garfield         ,20103,12
East Garfield         ,20104,6
East Garfield         ,20111,4
East Garfield         ,20112,3
East Garfield         ,20113,11
East Garfield         ,20114,4
East Garfield         ,20121,3
East Garfield         ,20122,12
East Garfield         ,20123,7
East Garfield         ,20124,13
East Side             ,20051,13
East Side             ,20052,9
East Side             ,20053,7
East Side             ,20054,14
East Side             ,20061,12
East Side             ,20062,8
East Side             ,20063,13
East Side             ,20064,14
East Side             ,20071,13
East Side             ,20072,9
East Side             ,20073,23
East Side             ,20074,14
East Side             ,20081,19
East Side             ,20082,22
East Side             ,20083,21
East Side             ,20084,13
East Side             ,20091,36
East Side             ,20092,19
East Side             ,20093,38
East Side             ,20094,30
East Side             ,20101,30
East Side             ,20102,27
East Side             ,20103,30
East Side             ,20104,26
East Side             ,20111,38
East Side             ,20112,28
East Side             ,20113,18
East Side             ,20114,29
East Side             ,20121,21
East Side             ,20122,29
East Side             ,20123,34
East Side             ,20124,40
Edgewater             ,20052,4
Edgewater             ,20053,1
Edgewater             ,20054,2
Edgewater             ,20061,2
Edgewater             ,20062,5
Edgewater             ,20063,2
Edgewater             ,20064,2
Edgewater             ,20071,5
Edgewater             ,20072,3
Edgewater             ,20073,1
Edgewater             ,20074,5
Edgewater             ,20081,1
Edgewater             ,20082,5
Edgewater             ,20083,5
Edgewater             ,20084,8
Edgewater             ,20091,5
Edgewater             ,20092,5
Edgewater             ,20093,10
Edgewater             ,20094,11
Edgewater             ,20101,10
Edgewater             ,20102,7
Edgewater             ,20103,14
Edgewater             ,20104,6
Edgewater             ,20111,10
Edgewater             ,20112,8
Edgewater             ,20113,7
Edgewater             ,20114,5
Edgewater             ,20121,6
Edgewater             ,20122,8
Edgewater             ,20123,5
Edgewater             ,20124,4
Edison Park           ,20051,3
Edison Park           ,20052,1
Edison Park           ,20053,3
Edison Park           ,20054,1
Edison Park           ,20061,1
Edison Park           ,20062,2
Edison Park           ,20063,2
Edison Park           ,20064,4
Edison Park           ,20071,4
Edison Park           ,20072,3
Edison Park           ,20073,8
Edison Park           ,20074,2
Edison Park           ,20081,6
Edison Park           ,20082,7
Edison Park           ,20083,9
Edison Park           ,20084,9
Edison Park           ,20091,9
Edison Park           ,20092,3
Edison Park           ,20093,13
Edison Park           ,20094,14
Edison Park           ,20101,5
Edison Park           ,20102,7
Edison Park           ,20103,11
Edison Park           ,20104,10
Edison Park           ,20111,9
Edison Park           ,20112,9
Edison Park           ,20113,6
Edison Park           ,20114,7
Edison Park           ,20121,13
Edison Park           ,20122,6
Edison Park           ,20123,11
Edison Park           ,20124,3
Englewood             ,20051,26
Englewood             ,20052,24
Englewood             ,20053,29
Englewood             ,20054,35
Englewood             ,20061,47
Englewood             ,20062,45
Englewood             ,20063,51
Englewood             ,20064,61
Englewood             ,20071,67
Englewood             ,20072,53
Englewood             ,20073,64
Englewood             ,20074,48
Englewood             ,20081,63
Englewood             ,20082,53
Englewood             ,20083,68
Englewood             ,20084,69
Englewood             ,20091,43
Englewood             ,20092,33
Englewood             ,20093,46
Englewood             ,20094,56
Englewood             ,20101,27
Englewood             ,20102,38
Englewood             ,20103,21
Englewood             ,20104,26
Englewood             ,20111,27
Englewood             ,20112,14
Englewood             ,20113,34
Englewood             ,20114,27
Englewood             ,20121,21
Englewood             ,20122,35
Englewood             ,20123,25
Englewood             ,20124,22
Forest Glen           ,20051,5
Forest Glen           ,20052,7
Forest Glen           ,20053,4
Forest Glen           ,20054,6
Forest Glen           ,20061,6
Forest Glen           ,20062,6
Forest Glen           ,20063,5
Forest Glen           ,20064,9
Forest Glen           ,20071,9
Forest Glen           ,20072,4
Forest Glen           ,20073,19
Forest Glen           ,20074,10
Forest Glen           ,20081,15
Forest Glen           ,20082,18
Forest Glen           ,20083,18
Forest Glen           ,20084,14
Forest Glen           ,20091,28
Forest Glen           ,20092,10
Forest Glen           ,20093,33
Forest Glen           ,20094,18
Forest Glen           ,20101,32
Forest Glen           ,20102,20
Forest Glen           ,20103,34
Forest Glen           ,20104,21
Forest Glen           ,20111,18
Forest Glen           ,20112,9
Forest Glen           ,20113,26
Forest Glen           ,20114,16
Forest Glen           ,20121,20
Forest Glen           ,20122,18
Forest Glen           ,20123,21
Forest Glen           ,20124,11
Fuller Park           ,20051,2
Fuller Park           ,20052,2
Fuller Park           ,20053,1
Fuller Park           ,20054,6
Fuller Park           ,20062,1
Fuller Park           ,20063,2
Fuller Park           ,20064,1
Fuller Park           ,20071,4
Fuller Park           ,20072,3
Fuller Park           ,20073,4
Fuller Park           ,20074,2
Fuller Park           ,20081,7
Fuller Park           ,20082,6
Fuller Park           ,20083,6
Fuller Park           ,20084,3
Fuller Park           ,20091,3
Fuller Park           ,20092,1
Fuller Park           ,20093,4
Fuller Park           ,20094,3
Fuller Park           ,20101,3
Fuller Park           ,20102,7
Fuller Park           ,20103,2
Fuller Park           ,20104,3
Fuller Park           ,20111,5
Fuller Park           ,20112,5
Fuller Park           ,20113,5
Fuller Park           ,20114,3
Fuller Park           ,20122,3
Fuller Park           ,20123,1
Fuller Park           ,20124,3
Gage Park             ,20051,23
Gage Park             ,20052,9
Gage Park             ,20053,16
Gage Park             ,20054,17
Gage Park             ,20061,21
Gage Park             ,20062,16
Gage Park             ,20063,20
Gage Park             ,20064,22
Gage Park             ,20071,29
Gage Park             ,20072,21
Gage Park             ,20073,34
Gage Park             ,20074,43
Gage Park             ,20081,43
Gage Park             ,20082,48
Gage Park             ,20083,76
Gage Park             ,20084,69
Gage Park             ,20091,69
Gage Park             ,20092,36
Gage Park             ,20093,85
Gage Park             ,20094,69
Gage Park             ,20101,69
Gage Park             ,20102,61
Gage Park             ,20103,84
Gage Park             ,20104,66
Gage Park             ,20111,66
Gage Park             ,20112,47
Gage Park             ,20113,47
Gage Park             ,20114,37
Gage Park             ,20121,43
Gage Park             ,20122,48
Gage Park             ,20123,57
Gage Park             ,20124,47
Garfield Ridge        ,20051,22
Garfield Ridge        ,20052,15
Garfield Ridge        ,20053,16
Garfield Ridge        ,20054,21
Garfield Ridge        ,20061,18
Garfield Ridge        ,20062,12
Garfield Ridge        ,20063,26
Garfield Ridge        ,20064,32
Garfield Ridge        ,20071,30
Garfield Ridge        ,20072,22
Garfield Ridge        ,20073,44
Garfield Ridge        ,20074,49
Garfield Ridge        ,20081,41
Garfield Ridge        ,20082,48
Garfield Ridge        ,20083,51
Garfield Ridge        ,20084,58
Garfield Ridge        ,20091,67
Garfield Ridge        ,20092,24
Garfield Ridge        ,20093,72
Garfield Ridge        ,20094,75
Garfield Ridge        ,20101,73
Garfield Ridge        ,20102,70
Garfield Ridge        ,20103,94
Garfield Ridge        ,20104,61
Garfield Ridge        ,20111,66
Garfield Ridge        ,20112,52
Garfield Ridge        ,20113,49
Garfield Ridge        ,20114,60
Garfield Ridge        ,20121,46
Garfield Ridge        ,20122,63
Garfield Ridge        ,20123,59
Garfield Ridge        ,20124,52
Grand Boulevard       ,20051,10
Grand Boulevard       ,20052,6
Grand Boulevard       ,20053,6
Grand Boulevard       ,20054,2
Grand Boulevard       ,20061,11
Grand Boulevard       ,20062,8
Grand Boulevard       ,20063,14
Grand Boulevard       ,20064,9
Grand Boulevard       ,20071,12
Grand Boulevard       ,20072,4
Grand Boulevard       ,20073,16
Grand Boulevard       ,20074,15
Grand Boulevard       ,20081,17
Grand Boulevard       ,20082,17
Grand Boulevard       ,20083,15
Grand Boulevard       ,20084,9
Grand Boulevard       ,20091,6
Grand Boulevard       ,20092,3
Grand Boulevard       ,20093,19
Grand Boulevard       ,20094,19
Grand Boulevard       ,20101,15
Grand Boulevard       ,20102,11
Grand Boulevard       ,20103,14
Grand Boulevard       ,20104,12
Grand Boulevard       ,20111,9
Grand Boulevard       ,20112,8
Grand Boulevard       ,20113,10
Grand Boulevard       ,20114,7
Grand Boulevard       ,20121,9
Grand Boulevard       ,20122,13
Grand Boulevard       ,20123,11
Grand Boulevard       ,20124,1
Greater Grand Crossing,20051,39
Greater Grand Crossing,20052,24
Greater Grand Crossing,20053,28
Greater Grand Crossing,20054,29
Greater Grand Crossing,20061,24
Greater Grand Crossing,20062,30
Greater Grand Crossing,20063,50
Greater Grand Crossing,20064,34
Greater Grand Crossing,20071,50
Greater Grand Crossing,20072,38
Greater Grand Crossing,20073,56
Greater Grand Crossing,20074,50
Greater Grand Crossing,20081,48
Greater Grand Crossing,20082,53
Greater Grand Crossing,20083,69
Greater Grand Crossing,20084,53
Greater Grand Crossing,20091,55
Greater Grand Crossing,20092,28
Greater Grand Crossing,20093,51
Greater Grand Crossing,20094,63
Greater Grand Crossing,20101,38
Greater Grand Crossing,20102,47
Greater Grand Crossing,20103,33
Greater Grand Crossing,20104,34
Greater Grand Crossing,20111,43
Greater Grand Crossing,20112,40
Greater Grand Crossing,20113,36
Greater Grand Crossing,20114,35
Greater Grand Crossing,20121,51
Greater Grand Crossing,20122,39
Greater Grand Crossing,20123,57
Greater Grand Crossing,20124,38
Hegewisch             ,20051,9
Hegewisch             ,20052,7
Hegewisch             ,20053,4
Hegewisch             ,20054,6
Hegewisch             ,20061,4
Hegewisch             ,20062,8
Hegewisch             ,20063,11
Hegewisch             ,20064,13
Hegewisch             ,20071,6
Hegewisch             ,20072,6
Hegewisch             ,20073,9
Hegewisch             ,20074,10
Hegewisch             ,20081,10
Hegewisch             ,20082,6
Hegewisch             ,20083,9
Hegewisch             ,20084,10
Hegewisch             ,20091,10
Hegewisch             ,20092,7
Hegewisch             ,20093,14
Hegewisch             ,20094,13
Hegewisch             ,20101,9
Hegewisch             ,20102,9
Hegewisch             ,20103,11
Hegewisch             ,20104,13
Hegewisch             ,20111,7
Hegewisch             ,20112,10
Hegewisch             ,20113,9
Hegewisch             ,20114,9
Hegewisch             ,20121,12
Hegewisch             ,20122,11
Hegewisch             ,20123,15
Hegewisch             ,20124,13
Hermosa               ,20051,6
Hermosa               ,20052,5
Hermosa               ,20053,6
Hermosa               ,20054,5
Hermosa               ,20061,14
Hermosa               ,20062,2
Hermosa               ,20063,5
Hermosa               ,20064,7
Hermosa               ,20071,9
Hermosa               ,20072,20
Hermosa               ,20073,21
Hermosa               ,20074,21
Hermosa               ,20081,21
Hermosa               ,20082,26
Hermosa               ,20083,31
Hermosa               ,20084,28
Hermosa               ,20091,32
Hermosa               ,20092,14
Hermosa               ,20093,37
Hermosa               ,20094,28
Hermosa               ,20101,26
Hermosa               ,20102,23
Hermosa               ,20103,23
Hermosa               ,20104,26
Hermosa               ,20111,29
Hermosa               ,20112,17
Hermosa               ,20113,20
Hermosa               ,20114,21
Hermosa               ,20121,17
Hermosa               ,20122,20
Hermosa               ,20123,26
Hermosa               ,20124,10
Humboldt Park         ,20051,23
Humboldt Park         ,20052,23
Humboldt Park         ,20053,25
Humboldt Park         ,20054,23
Humboldt Park         ,20061,22
Humboldt Park         ,20062,36
Humboldt Park         ,20063,42
Humboldt Park         ,20064,33
Humboldt Park         ,20071,42
Humboldt Park         ,20072,36
Humboldt Park         ,20073,46
Humboldt Park         ,20074,57
Humboldt Park         ,20081,58
Humboldt Park         ,20082,69
Humboldt Park         ,20083,49
Humboldt Park         ,20084,79
Humboldt Park         ,20091,66
Humboldt Park         ,20092,20
Humboldt Park         ,20093,70
Humboldt Park         ,20094,63
Humboldt Park         ,20101,64
Humboldt Park         ,20102,57
Humboldt Park         ,20103,57
Humboldt Park         ,20104,55
Humboldt Park         ,20111,48
Humboldt Park         ,20112,49
Humboldt Park         ,20113,40
Humboldt Park         ,20114,45
Humboldt Park         ,20121,47
Humboldt Park         ,20122,52
Humboldt Park         ,20123,40
Humboldt Park         ,20124,28
Hyde Park             ,20051,2
Hyde Park             ,20052,1
Hyde Park             ,20054,1
Hyde Park             ,20061,1
Hyde Park             ,20062,2
Hyde Park             ,20063,4
Hyde Park             ,20064,2
Hyde Park             ,20071,4
Hyde Park             ,20072,2
Hyde Park             ,20073,4
Hyde Park             ,20074,2
Hyde Park             ,20081,3
Hyde Park             ,20083,7
Hyde Park             ,20084,3
Hyde Park             ,20091,3
Hyde Park             ,20092,1
Hyde Park             ,20093,2
Hyde Park             ,20101,1
Hyde Park             ,20102,7
Hyde Park             ,20103,3
Hyde Park             ,20104,4
Hyde Park             ,20111,4
Hyde Park             ,20112,3
Hyde Park             ,20113,3
Hyde Park             ,20114,3
Hyde Park             ,20121,1
Hyde Park             ,20122,4
Hyde Park             ,20123,4
Hyde Park             ,20124,1
Irving Park           ,20051,8
Irving Park           ,20052,8
Irving Park           ,20053,7
Irving Park           ,20054,10
Irving Park           ,20061,10
Irving Park           ,20062,6
Irving Park           ,20063,8
Irving Park           ,20064,13
Irving Park           ,20071,18
Irving Park           ,20072,17
Irving Park           ,20073,21
Irving Park           ,20074,19
Irving Park           ,20081,27
Irving Park           ,20082,32
Irving Park           ,20083,24
Irving Park           ,20084,42
Irving Park           ,20091,40
Irving Park           ,20092,14
Irving Park           ,20093,54
Irving Park           ,20094,49
Irving Park           ,20101,38
Irving Park           ,20102,34
Irving Park           ,20103,54
Irving Park           ,20104,33
Irving Park           ,20111,30
Irving Park           ,20112,22
Irving Park           ,20113,32
Irving Park           ,20114,37
Irving Park           ,20121,38
Irving Park           ,20122,31
Irving Park           ,20123,33
Irving Park           ,20124,20
Jefferson Park        ,20051,9
Jefferson Park        ,20052,5
Jefferson Park        ,20053,9
Jefferson Park        ,20054,8
Jefferson Park        ,20061,9
Jefferson Park        ,20062,5
Jefferson Park        ,20063,10
Jefferson Park        ,20064,10
Jefferson Park        ,20071,7
Jefferson Park        ,20072,11
Jefferson Park        ,20073,9
Jefferson Park        ,20074,22
Jefferson Park        ,20081,15
Jefferson Park        ,20082,19
Jefferson Park        ,20083,29
Jefferson Park        ,20084,25
Jefferson Park        ,20091,30
Jefferson Park        ,20092,13
Jefferson Park        ,20093,33
Jefferson Park        ,20094,38
Jefferson Park        ,20101,24
Jefferson Park        ,20102,34
Jefferson Park        ,20103,35
Jefferson Park        ,20104,28
Jefferson Park        ,20111,29
Jefferson Park        ,20112,22
Jefferson Park        ,20113,28
Jefferson Park        ,20114,19
Jefferson Park        ,20121,20
Jefferson Park        ,20122,22
Jefferson Park        ,20123,20
Jefferson Park        ,20124,17
Kenwood               ,20051,4
Kenwood               ,20052,5
Kenwood               ,20053,5
Kenwood               ,20054,4
Kenwood               ,20061,13
Kenwood               ,20062,5
Kenwood               ,20063,9
Kenwood               ,20064,5
Kenwood               ,20071,9
Kenwood               ,20072,5
Kenwood               ,20073,5
Kenwood               ,20074,6
Kenwood               ,20081,7
Kenwood               ,20082,9
Kenwood               ,20083,7
Kenwood               ,20084,11
Kenwood               ,20091,9
Kenwood               ,20092,2
Kenwood               ,20093,8
Kenwood               ,20094,10
Kenwood               ,20101,5
Kenwood               ,20102,5
Kenwood               ,20103,9
Kenwood               ,20104,7
Kenwood               ,20111,7
Kenwood               ,20112,6
Kenwood               ,20113,5
Kenwood               ,20114,5
Kenwood               ,20121,8
Kenwood               ,20122,11
Kenwood               ,20123,5
Kenwood               ,20124,7
Lakeview              ,20051,3
Lakeview              ,20052,1
Lakeview              ,20053,3
Lakeview              ,20054,1
Lakeview              ,20061,1
Lakeview              ,20062,2
Lakeview              ,20063,3
Lakeview              ,20064,3
Lakeview              ,20071,3
Lakeview              ,20072,3
Lakeview              ,20073,3
Lakeview              ,20074,4
Lakeview              ,20081,2
Lakeview              ,20082,6
Lakeview              ,20083,5
Lakeview              ,20084,7
Lakeview              ,20091,5
Lakeview              ,20092,1
Lakeview              ,20093,9
Lakeview              ,20094,9
Lakeview              ,20101,7
Lakeview              ,20102,5
Lakeview              ,20103,7
Lakeview              ,20104,10
Lakeview              ,20111,11
Lakeview              ,20112,3
Lakeview              ,20113,6
Lakeview              ,20114,4
Lakeview              ,20121,5
Lakeview              ,20122,9
Lakeview              ,20123,2
Lakeview              ,20124,3
Lincoln Park          ,20051,1
Lincoln Park          ,20052,1
Lincoln Park          ,20053,4
Lincoln Park          ,20054,3
Lincoln Park          ,20061,3
Lincoln Park          ,20062,4
Lincoln Park          ,20063,1
Lincoln Park          ,20064,3
Lincoln Park          ,20071,7
Lincoln Park          ,20072,3
Lincoln Park          ,20073,3
Lincoln Park          ,20074,4
Lincoln Park          ,20081,2
Lincoln Park          ,20082,6
Lincoln Park          ,20083,1
Lincoln Park          ,20084,6
Lincoln Park          ,20091,12
Lincoln Park          ,20092,14
Lincoln Park          ,20093,11
Lincoln Park          ,20094,21
Lincoln Park          ,20101,7
Lincoln Park          ,20102,9
Lincoln Park          ,20103,8
Lincoln Park          ,20104,5
Lincoln Park          ,20111,11
Lincoln Park          ,20112,9
Lincoln Park          ,20113,13
Lincoln Park          ,20114,10
Lincoln Park          ,20121,8
Lincoln Park          ,20122,10
Lincoln Park          ,20123,12
Lincoln Park          ,20124,2
Lincoln Square        ,20051,3
Lincoln Square        ,20052,2
Lincoln Square        ,20053,4
Lincoln Square        ,20054,3
Lincoln Square        ,20061,2
Lincoln Square        ,20062,2
Lincoln Square        ,20063,2
Lincoln Square        ,20064,7
Lincoln Square        ,20071,4
Lincoln Square        ,20072,6
Lincoln Square        ,20073,8
Lincoln Square        ,20074,7
Lincoln Square        ,20081,5
Lincoln Square        ,20082,6
Lincoln Square        ,20083,8
Lincoln Square        ,20084,7
Lincoln Square        ,20091,12
Lincoln Square        ,20092,4
Lincoln Square        ,20093,13
Lincoln Square        ,20094,16
Lincoln Square        ,20101,10
Lincoln Square        ,20102,15
Lincoln Square        ,20103,13
Lincoln Square        ,20104,11
Lincoln Square        ,20111,7
Lincoln Square        ,20112,9
Lincoln Square        ,20113,6
Lincoln Square        ,20114,5
Lincoln Square        ,20121,3
Lincoln Square        ,20122,10
Lincoln Square        ,20123,7
Lincoln Square        ,20124,6
Logan Square          ,20051,12
Logan Square          ,20052,6
Logan Square          ,20053,4
Logan Square          ,20054,13
Logan Square          ,20061,5
Logan Square          ,20062,4
Logan Square          ,20063,5
Logan Square          ,20064,7
Logan Square          ,20071,13
Logan Square          ,20072,19
Logan Square          ,20073,14
Logan Square          ,20074,20
Logan Square          ,20081,27
Logan Square          ,20082,19
Logan Square          ,20083,27
Logan Square          ,20084,25
Logan Square          ,20091,39
Logan Square          ,20092,20
Logan Square          ,20093,30
Logan Square          ,20094,41
Logan Square          ,20101,21
Logan Square          ,20102,35
Logan Square          ,20103,27
Logan Square          ,20104,25
Logan Square          ,20111,27
Logan Square          ,20112,19
Logan Square          ,20113,21
Logan Square          ,20114,24
Logan Square          ,20121,33
Logan Square          ,20122,18
Logan Square          ,20123,24
Logan Square          ,20124,12
Loop                  ,20074,1
Loop                  ,20091,1
Loop                  ,20103,1
Lower West Side       ,20051,1
Lower West Side       ,20052,3
Lower West Side       ,20053,1
Lower West Side       ,20054,4
Lower West Side       ,20061,3
Lower West Side       ,20062,3
Lower West Side       ,20063,3
Lower West Side       ,20064,4
Lower West Side       ,20071,1
Lower West Side       ,20072,3
Lower West Side       ,20073,4
Lower West Side       ,20074,5
Lower West Side       ,20081,5
Lower West Side       ,20082,6
Lower West Side       ,20083,5
Lower West Side       ,20084,1
Lower West Side       ,20091,7
Lower West Side       ,20092,4
Lower West Side       ,20093,5
Lower West Side       ,20094,10
Lower West Side       ,20101,6
Lower West Side       ,20102,9
Lower West Side       ,20103,12
Lower West Side       ,20104,5
Lower West Side       ,20111,7
Lower West Side       ,20112,3
Lower West Side       ,20113,13
Lower West Side       ,20114,2
Lower West Side       ,20121,7
Lower West Side       ,20122,6
Lower West Side       ,20123,4
Lower West Side       ,20124,3
McKinley Park         ,20051,1
McKinley Park         ,20053,2
McKinley Park         ,20054,3
McKinley Park         ,20062,3
McKinley Park         ,20063,2
McKinley Park         ,20064,2
McKinley Park         ,20072,7
McKinley Park         ,20073,4
McKinley Park         ,20074,9
McKinley Park         ,20081,5
McKinley Park         ,20082,14
McKinley Park         ,20083,6
McKinley Park         ,20084,9
McKinley Park         ,20091,11
McKinley Park         ,20092,6
McKinley Park         ,20093,10
McKinley Park         ,20094,10
McKinley Park         ,20101,13
McKinley Park         ,20102,7
McKinley Park         ,20103,20
McKinley Park         ,20104,9
McKinley Park         ,20111,15
McKinley Park         ,20112,15
McKinley Park         ,20113,9
McKinley Park         ,20114,7
McKinley Park         ,20121,7
McKinley Park         ,20122,11
McKinley Park         ,20123,8
McKinley Park         ,20124,11
Montclare             ,20051,3
Montclare             ,20052,11
Montclare             ,20053,2
Montclare             ,20054,4
Montclare             ,20061,9
Montclare             ,20062,9
Montclare             ,20063,9
Montclare             ,20064,7
Montclare             ,20071,12
Montclare             ,20072,5
Montclare             ,20073,16
Montclare             ,20074,14
Montclare             ,20081,22
Montclare             ,20082,30
Montclare             ,20083,32
Montclare             ,20084,24
Montclare             ,20091,30
Montclare             ,20092,16
Montclare             ,20093,33
Montclare             ,20094,42
Montclare             ,20101,28
Montclare             ,20102,45
Montclare             ,20103,38
Montclare             ,20104,32
Montclare             ,20111,20
Montclare             ,20112,25
Montclare             ,20113,29
Montclare             ,20114,16
Montclare             ,20121,31
Montclare             ,20122,15
Montclare             ,20123,17
Montclare             ,20124,22
Morgan Park           ,20051,33
Morgan Park           ,20052,30
Morgan Park           ,20053,30
Morgan Park           ,20054,39
Morgan Park           ,20061,52
Morgan Park           ,20062,38
Morgan Park           ,20063,39
Morgan Park           ,20064,47
Morgan Park           ,20071,53
Morgan Park           ,20072,47
Morgan Park           ,20073,60
Morgan Park           ,20074,50
Morgan Park           ,20081,59
Morgan Park           ,20082,51
Morgan Park           ,20083,58
Morgan Park           ,20084,51
Morgan Park           ,20091,50
Morgan Park           ,20092,26
Morgan Park           ,20093,56
Morgan Park           ,20094,64
Morgan Park           ,20101,55
Morgan Park           ,20102,58
Morgan Park           ,20103,54
Morgan Park           ,20104,34
Morgan Park           ,20111,47
Morgan Park           ,20112,38
Morgan Park           ,20113,49
Morgan Park           ,20114,41
Morgan Park           ,20121,49
Morgan Park           ,20122,64
Morgan Park           ,20123,71
Morgan Park           ,20124,47
Mount Greenwood       ,20051,6
Mount Greenwood       ,20052,10
Mount Greenwood       ,20053,12
Mount Greenwood       ,20054,14
Mount Greenwood       ,20061,5
Mount Greenwood       ,20062,12
Mount Greenwood       ,20063,6
Mount Greenwood       ,20064,10
Mount Greenwood       ,20071,18
Mount Greenwood       ,20072,10
Mount Greenwood       ,20073,18
Mount Greenwood       ,20074,11
Mount Greenwood       ,20081,22
Mount Greenwood       ,20082,14
Mount Greenwood       ,20083,15
Mount Greenwood       ,20084,24
Mount Greenwood       ,20091,21
Mount Greenwood       ,20092,7
Mount Greenwood       ,20093,19
Mount Greenwood       ,20094,32
Mount Greenwood       ,20101,16
Mount Greenwood       ,20102,21
Mount Greenwood       ,20103,28
Mount Greenwood       ,20104,26
Mount Greenwood       ,20111,24
Mount Greenwood       ,20112,21
Mount Greenwood       ,20113,11
Mount Greenwood       ,20114,28
Mount Greenwood       ,20121,23
Mount Greenwood       ,20122,36
Mount Greenwood       ,20123,26
Mount Greenwood       ,20124,14
Near North Side       ,20051,1
Near North Side       ,20052,1
Near North Side       ,20053,2
Near North Side       ,20062,4
Near North Side       ,20063,3
Near North Side       ,20064,2
Near North Side       ,20071,2
Near North Side       ,20072,3
Near North Side       ,20073,2
Near North Side       ,20074,3
Near North Side       ,20081,1
Near North Side       ,20082,3
Near North Side       ,20083,2
Near North Side       ,20084,3
Near North Side       ,20091,5
Near North Side       ,20092,2
Near North Side       ,20093,3
Near North Side       ,20094,2
Near North Side       ,20101,5
Near North Side       ,20102,10
Near North Side       ,20103,3
Near North Side       ,20104,4
Near North Side       ,20111,4
Near North Side       ,20112,5
Near North Side       ,20113,6
Near North Side       ,20114,4
Near North Side       ,20121,1
Near North Side       ,20122,2
Near North Side       ,20123,1
Near North Side       ,20124,2
Near South Side       ,20051,2
Near South Side       ,20052,1
Near South Side       ,20053,2
Near South Side       ,20054,3
Near South Side       ,20061,1
Near South Side       ,20062,1
Near South Side       ,20063,3
Near South Side       ,20071,4
Near South Side       ,20072,2
Near South Side       ,20073,2
Near South Side       ,20074,3
Near South Side       ,20081,1
Near South Side       ,20082,3
Near South Side       ,20083,2
Near South Side       ,20084,2
Near South Side       ,20091,3
Near South Side       ,20092,1
Near South Side       ,20093,1
Near South Side       ,20094,5
Near South Side       ,20101,2
Near South Side       ,20102,6
Near South Side       ,20103,4
Near South Side       ,20104,5
Near South Side       ,20111,2
Near South Side       ,20112,4
Near South Side       ,20113,3
Near South Side       ,20114,1
Near South Side       ,20121,7
Near South Side       ,20122,5
Near South Side       ,20123,2
Near South Side       ,20124,1
Near West Side        ,20051,3
Near West Side        ,20052,7
Near West Side        ,20053,9
Near West Side        ,20054,5
Near West Side        ,20061,5
Near West Side        ,20062,6
Near West Side        ,20063,7
Near West Side        ,20064,8
Near West Side        ,20071,9
Near West Side        ,20072,9
Near West Side        ,20073,9
Near West Side        ,20074,13
Near West Side        ,20081,8
Near West Side        ,20082,15
Near West Side        ,20083,17
Near West Side        ,20084,13
Near West Side        ,20091,18
Near West Side        ,20092,7
Near West Side        ,20093,13
Near West Side        ,20094,9
Near West Side        ,20101,13
Near West Side        ,20102,12
Near West Side        ,20103,15
Near West Side        ,20104,13
Near West Side        ,20111,9
Near West Side        ,20112,3
Near West Side        ,20113,12
Near West Side        ,20114,6
Near West Side        ,20121,7
Near West Side        ,20122,14
Near West Side        ,20123,3
Near West Side        ,20124,7
New City              ,20051,16
New City              ,20052,13
New City              ,20053,18
New City              ,20054,22
New City              ,20061,19
New City              ,20062,17
New City              ,20063,22
New City              ,20064,37
New City              ,20071,47
New City              ,20072,27
New City              ,20073,40
New City              ,20074,29
New City              ,20081,39
New City              ,20082,35
New City              ,20083,46
New City              ,20084,37
New City              ,20091,42
New City              ,20092,20
New City              ,20093,38
New City              ,20094,44
New City              ,20101,37
New City              ,20102,29
New City              ,20103,37
New City              ,20104,32
New City              ,20111,31
New City              ,20112,17
New City              ,20113,20
New City              ,20114,17
New City              ,20121,31
New City              ,20122,31
New City              ,20123,37
New City              ,20124,18
North Center          ,20051,2
North Center          ,20052,4
North Center          ,20053,2
North Center          ,20054,1
North Center          ,20061,2
North Center          ,20062,2
North Center          ,20063,5
North Center          ,20064,7
North Center          ,20071,3
North Center          ,20072,4
North Center          ,20073,5
North Center          ,20074,5
North Center          ,20081,8
North Center          ,20082,8
North Center          ,20083,5
North Center          ,20084,6
North Center          ,20091,5
North Center          ,20092,7
North Center          ,20093,15
North Center          ,20094,14
North Center          ,20101,7
North Center          ,20102,7
North Center          ,20103,14
North Center          ,20104,10
North Center          ,20111,10
North Center          ,20112,6
North Center          ,20113,9
North Center          ,20114,8
North Center          ,20121,5
North Center          ,20122,10
North Center          ,20123,9
North Center          ,20124,3
North Cook            ,20051,99
North Cook            ,20052,71
North Cook            ,20053,72
North Cook            ,20054,93
North Cook            ,20061,117
North Cook            ,20062,92
North Cook            ,20063,103
North Cook            ,20064,169
North Cook            ,20071,179
North Cook            ,20072,174
North Cook            ,20073,241
North Cook            ,20074,260
North Cook            ,20081,346
North Cook            ,20082,384
North Cook            ,20083,390
North Cook            ,20084,374
North Cook            ,20091,507
North Cook            ,20092,247
North Cook            ,20093,634
North Cook            ,20094,599
North Cook            ,20101,458
North Cook            ,20102,538
North Cook            ,20103,523
North Cook            ,20104,464
North Cook            ,20111,473
North Cook            ,20112,390
North Cook            ,20113,378
North Cook            ,20114,367
North Cook            ,20121,348
North Cook            ,20122,444
North Cook            ,20123,377
North Cook            ,20124,230
North Lawndale        ,20051,9
North Lawndale        ,20052,5
North Lawndale        ,20053,14
North Lawndale        ,20054,13
North Lawndale        ,20061,6
North Lawndale        ,20062,17
North Lawndale        ,20063,10
North Lawndale        ,20064,11
North Lawndale        ,20071,17
North Lawndale        ,20072,10
North Lawndale        ,20073,16
North Lawndale        ,20074,18
North Lawndale        ,20081,15
North Lawndale        ,20082,8
North Lawndale        ,20083,23
North Lawndale        ,20084,17
North Lawndale        ,20091,18
North Lawndale        ,20092,2
North Lawndale        ,20093,21
North Lawndale        ,20094,21
North Lawndale        ,20101,28
North Lawndale        ,20102,15
North Lawndale        ,20103,21
North Lawndale        ,20104,18
North Lawndale        ,20111,14
North Lawndale        ,20112,13
North Lawndale        ,20113,8
North Lawndale        ,20114,13
North Lawndale        ,20121,16
North Lawndale        ,20122,19
North Lawndale        ,20123,26
North Lawndale        ,20124,10
North Park            ,20052,2
North Park            ,20053,4
North Park            ,20054,1
North Park            ,20061,5
North Park            ,20062,2
North Park            ,20063,2
North Park            ,20064,4
North Park            ,20071,2
North Park            ,20072,5
North Park            ,20073,4
North Park            ,20074,6
North Park            ,20081,5
North Park            ,20082,7
North Park            ,20083,11
North Park            ,20084,15
North Park            ,20091,8
North Park            ,20092,5
North Park            ,20093,25
North Park            ,20094,30
North Park            ,20101,12
North Park            ,20102,13
North Park            ,20103,18
North Park            ,20104,17
North Park            ,20111,14
North Park            ,20112,11
North Park            ,20113,12
North Park            ,20114,11
North Park            ,20121,4
North Park            ,20122,9
North Park            ,20123,16
North Park            ,20124,4
Northwest Cook        ,20051,221
Northwest Cook        ,20052,170
Northwest Cook        ,20053,192
Northwest Cook        ,20054,181
Northwest Cook        ,20061,245
Northwest Cook        ,20062,228
Northwest Cook        ,20063,274
Northwest Cook        ,20064,299
Northwest Cook        ,20071,376
Northwest Cook        ,20072,312
Northwest Cook        ,20073,414
Northwest Cook        ,20074,437
Northwest Cook        ,20081,585
Northwest Cook        ,20082,618
Northwest Cook        ,20083,684
Northwest Cook        ,20084,592
Northwest Cook        ,20091,843
Northwest Cook        ,20092,361
Northwest Cook        ,20093,1040
Northwest Cook        ,20094,1014
Northwest Cook        ,20101,867
Northwest Cook        ,20102,1004
Northwest Cook        ,20103,1024
Northwest Cook        ,20104,856
Northwest Cook        ,20111,852
Northwest Cook        ,20112,790
Northwest Cook        ,20113,735
Northwest Cook        ,20114,749
Northwest Cook        ,20121,826
Northwest Cook        ,20122,869
Northwest Cook        ,20123,871
Northwest Cook        ,20124,604
Norwood Park          ,20051,9
Norwood Park          ,20052,8
Norwood Park          ,20053,7
Norwood Park          ,20054,13
Norwood Park          ,20061,10
Norwood Park          ,20062,11
Norwood Park          ,20063,7
Norwood Park          ,20064,16
Norwood Park          ,20071,20
Norwood Park          ,20072,21
Norwood Park          ,20073,16
Norwood Park          ,20074,26
Norwood Park          ,20081,28
Norwood Park          ,20082,39
Norwood Park          ,20083,37
Norwood Park          ,20084,35
Norwood Park          ,20091,45
Norwood Park          ,20092,24
Norwood Park          ,20093,56
Norwood Park          ,20094,45
Norwood Park          ,20101,47
Norwood Park          ,20102,35
Norwood Park          ,20103,48
Norwood Park          ,20104,53
Norwood Park          ,20111,41
Norwood Park          ,20112,43
Norwood Park          ,20113,32
Norwood Park          ,20114,48
Norwood Park          ,20121,38
Norwood Park          ,20122,37
Norwood Park          ,20123,40
Norwood Park          ,20124,27
O-Hare                ,20053,1
O-Hare                ,20071,1
O-Hare                ,20081,1
O-Hare                ,20082,1
O-Hare                ,20083,1
O-Hare                ,20084,1
O-Hare                ,20091,1
O-Hare                ,20093,3
O-Hare                ,20094,3
O-Hare                ,20101,2
O-Hare                ,20103,3
O-Hare                ,20104,2
O-Hare                ,20113,2
O-Hare                ,20114,4
O-Hare                ,20122,1
O-Hare                ,20124,2
Oakland               ,20051,1
Oakland               ,20052,1
Oakland               ,20053,1
Oakland               ,20061,2
Oakland               ,20063,1
Oakland               ,20064,6
Oakland               ,20071,2
Oakland               ,20072,2
Oakland               ,20073,1
Oakland               ,20074,3
Oakland               ,20081,6
Oakland               ,20082,1
Oakland               ,20083,4
Oakland               ,20084,4
Oakland               ,20091,3
Oakland               ,20093,7
Oakland               ,20094,3
Oakland               ,20101,3
Oakland               ,20102,3
Oakland               ,20103,4
Oakland               ,20104,2
Oakland               ,20111,3
Oakland               ,20112,2
Oakland               ,20113,5
Oakland               ,20114,3
Oakland               ,20121,7
Oakland               ,20122,3
Oakland               ,20123,4
Oakland               ,20124,1
Portage Park          ,20051,13
Portage Park          ,20052,10
Portage Park          ,20053,14
Portage Park          ,20054,21
Portage Park          ,20061,9
Portage Park          ,20062,13
Portage Park          ,20063,24
Portage Park          ,20064,37
Portage Park          ,20071,37
Portage Park          ,20072,32
Portage Park          ,20073,48
Portage Park          ,20074,41
Portage Park          ,20081,71
Portage Park          ,20082,74
Portage Park          ,20083,73
Portage Park          ,20084,79
Portage Park          ,20091,90
Portage Park          ,20092,48
Portage Park          ,20093,97
Portage Park          ,20094,112
Portage Park          ,20101,87
Portage Park          ,20102,83
Portage Park          ,20103,91
Portage Park          ,20104,85
Portage Park          ,20111,69
Portage Park          ,20112,67
Portage Park          ,20113,55
Portage Park          ,20114,56
Portage Park          ,20121,58
Portage Park          ,20122,65
Portage Park          ,20123,74
Portage Park          ,20124,37
Pullman               ,20051,12
Pullman               ,20052,14
Pullman               ,20053,11
Pullman               ,20054,17
Pullman               ,20061,10
Pullman               ,20062,11
Pullman               ,20063,23
Pullman               ,20064,15
Pullman               ,20071,17
Pullman               ,20072,10
Pullman               ,20073,14
Pullman               ,20074,22
Pullman               ,20081,22
Pullman               ,20082,18
Pullman               ,20083,16
Pullman               ,20084,12
Pullman               ,20091,19
Pullman               ,20092,7
Pullman               ,20093,22
Pullman               ,20094,13
Pullman               ,20101,15
Pullman               ,20102,17
Pullman               ,20103,26
Pullman               ,20104,24
Pullman               ,20111,12
Pullman               ,20112,13
Pullman               ,20113,14
Pullman               ,20114,17
Pullman               ,20121,14
Pullman               ,20122,12
Pullman               ,20123,16
Pullman               ,20124,11
Riverdale             ,20051,1
Riverdale             ,20052,5
Riverdale             ,20053,1
Riverdale             ,20054,1
Riverdale             ,20061,1
Riverdale             ,20062,4
Riverdale             ,20063,5
Riverdale             ,20064,11
Riverdale             ,20071,4
Riverdale             ,20072,3
Riverdale             ,20073,6
Riverdale             ,20074,8
Riverdale             ,20081,7
Riverdale             ,20082,11
Riverdale             ,20083,4
Riverdale             ,20084,8
Riverdale             ,20091,5
Riverdale             ,20092,3
Riverdale             ,20093,4
Riverdale             ,20094,7
Riverdale             ,20101,4
Riverdale             ,20102,5
Riverdale             ,20103,3
Riverdale             ,20104,3
Riverdale             ,20111,6
Riverdale             ,20112,4
Riverdale             ,20114,1
Riverdale             ,20121,3
Riverdale             ,20122,4
Riverdale             ,20123,4
Riverdale             ,20124,8
Rogers Park           ,20051,7
Rogers Park           ,20052,4
Rogers Park           ,20053,1
Rogers Park           ,20054,1
Rogers Park           ,20062,1
Rogers Park           ,20063,2
Rogers Park           ,20064,6
Rogers Park           ,20071,5
Rogers Park           ,20072,6
Rogers Park           ,20073,2
Rogers Park           ,20074,12
Rogers Park           ,20081,8
Rogers Park           ,20082,5
Rogers Park           ,20083,8
Rogers Park           ,20084,8
Rogers Park           ,20091,9
Rogers Park           ,20092,6
Rogers Park           ,20093,11
Rogers Park           ,20094,17
Rogers Park           ,20101,12
Rogers Park           ,20102,10
Rogers Park           ,20103,17
Rogers Park           ,20104,7
Rogers Park           ,20111,8
Rogers Park           ,20112,11
Rogers Park           ,20113,13
Rogers Park           ,20114,4
Rogers Park           ,20121,6
Rogers Park           ,20122,10
Rogers Park           ,20123,7
Rogers Park           ,20124,6
Roseland              ,20051,97
Roseland              ,20052,74
Roseland              ,20053,85
Roseland              ,20054,105
Roseland              ,20061,97
Roseland              ,20062,94
Roseland              ,20063,120
Roseland              ,20064,136
Roseland              ,20071,145
Roseland              ,20072,120
Roseland              ,20073,146
Roseland              ,20074,147
Roseland              ,20081,133
Roseland              ,20082,113
Roseland              ,20083,126
Roseland              ,20084,143
Roseland              ,20091,109
Roseland              ,20092,51
Roseland              ,20093,125
Roseland              ,20094,158
Roseland              ,20101,105
Roseland              ,20102,105
Roseland              ,20103,107
Roseland              ,20104,101
Roseland              ,20111,111
Roseland              ,20112,98
Roseland              ,20113,105
Roseland              ,20114,86
Roseland              ,20121,118
Roseland              ,20122,131
Roseland              ,20123,118
Roseland              ,20124,95
South Chicago         ,20051,25
South Chicago         ,20052,17
South Chicago         ,20053,29
South Chicago         ,20054,37
South Chicago         ,20061,28
South Chicago         ,20062,33
South Chicago         ,20063,44
South Chicago         ,20064,43
South Chicago         ,20071,37
South Chicago         ,20072,42
South Chicago         ,20073,50
South Chicago         ,20074,57
South Chicago         ,20081,59
South Chicago         ,20082,41
South Chicago         ,20083,60
South Chicago         ,20084,62
South Chicago         ,20091,46
South Chicago         ,20092,16
South Chicago         ,20093,57
South Chicago         ,20094,54
South Chicago         ,20101,36
South Chicago         ,20102,36
South Chicago         ,20103,41
South Chicago         ,20104,34
South Chicago         ,20111,35
South Chicago         ,20112,40
South Chicago         ,20113,48
South Chicago         ,20114,39
South Chicago         ,20121,39
South Chicago         ,20122,41
South Chicago         ,20123,38
South Chicago         ,20124,38
South Cook            ,20051,897
South Cook            ,20052,658
South Cook            ,20053,780
South Cook            ,20054,856
South Cook            ,20061,934
South Cook            ,20062,854
South Cook            ,20063,1099
South Cook            ,20064,1121
South Cook            ,20071,1110
South Cook            ,20072,978
South Cook            ,20073,1416
South Cook            ,20074,1514
South Cook            ,20081,1545
South Cook            ,20082,1352
South Cook            ,20083,1459
South Cook            ,20084,1391
South Cook            ,20091,1402
South Cook            ,20092,547
South Cook            ,20093,1378
South Cook            ,20094,1713
South Cook            ,20101,1489
South Cook            ,20102,1463
South Cook            ,20103,1528
South Cook            ,20104,1423
South Cook            ,20111,1461
South Cook            ,20112,1114
South Cook            ,20113,1189
South Cook            ,20114,1168
South Cook            ,20121,1419
South Cook            ,20122,1540
South Cook            ,20123,1674
South Cook            ,20124,1151
South Deering         ,20051,25
South Deering         ,20052,21
South Deering         ,20053,28
South Deering         ,20054,30
South Deering         ,20061,25
South Deering         ,20062,32
South Deering         ,20063,29
South Deering         ,20064,26
South Deering         ,20071,31
South Deering         ,20072,28
South Deering         ,20073,41
South Deering         ,20074,47
South Deering         ,20081,42
South Deering         ,20082,41
South Deering         ,20083,41
South Deering         ,20084,37
South Deering         ,20091,50
South Deering         ,20092,12
South Deering         ,20093,47
South Deering         ,20094,42
South Deering         ,20101,36
South Deering         ,20102,39
South Deering         ,20103,28
South Deering         ,20104,30
South Deering         ,20111,32
South Deering         ,20112,42
South Deering         ,20113,36
South Deering         ,20114,22
South Deering         ,20121,33
South Deering         ,20122,34
South Deering         ,20123,26
South Deering         ,20124,27
South Lawndale        ,20051,14
South Lawndale        ,20052,8
South Lawndale        ,20053,6
South Lawndale        ,20054,12
South Lawndale        ,20061,9
South Lawndale        ,20062,11
South Lawndale        ,20063,14
South Lawndale        ,20064,14
South Lawndale        ,20071,15
South Lawndale        ,20072,16
South Lawndale        ,20073,17
South Lawndale        ,20074,22
South Lawndale        ,20081,26
South Lawndale        ,20082,31
South Lawndale        ,20083,27
South Lawndale        ,20084,28
South Lawndale        ,20091,46
South Lawndale        ,20092,17
South Lawndale        ,20093,47
South Lawndale        ,20094,32
South Lawndale        ,20101,32
South Lawndale        ,20102,49
South Lawndale        ,20103,28
South Lawndale        ,20104,28
South Lawndale        ,20111,22
South Lawndale        ,20112,30
South Lawndale        ,20113,30
South Lawndale        ,20114,22
South Lawndale        ,20121,35
South Lawndale        ,20122,44
South Lawndale        ,20123,31
South Lawndale        ,20124,22
South Shore           ,20051,27
South Shore           ,20052,24
South Shore           ,20053,28
South Shore           ,20054,27
South Shore           ,20061,34
South Shore           ,20062,42
South Shore           ,20063,38
South Shore           ,20064,46
South Shore           ,20071,55
South Shore           ,20072,47
South Shore           ,20073,57
South Shore           ,20074,48
South Shore           ,20081,51
South Shore           ,20082,34
South Shore           ,20083,38
South Shore           ,20084,45
South Shore           ,20091,49
South Shore           ,20092,9
South Shore           ,20093,40
South Shore           ,20094,43
South Shore           ,20101,40
South Shore           ,20102,45
South Shore           ,20103,38
South Shore           ,20104,38
South Shore           ,20111,35
South Shore           ,20112,21
South Shore           ,20113,21
South Shore           ,20114,42
South Shore           ,20121,36
South Shore           ,20122,51
South Shore           ,20123,52
South Shore           ,20124,29
Southwest Cook        ,20051,233
Southwest Cook        ,20052,203
Southwest Cook        ,20053,182
Southwest Cook        ,20054,231
Southwest Cook        ,20061,238
Southwest Cook        ,20062,223
Southwest Cook        ,20063,294
Southwest Cook        ,20064,308
Southwest Cook        ,20071,342
Southwest Cook        ,20072,287
Southwest Cook        ,20073,403
Southwest Cook        ,20074,475
Southwest Cook        ,20081,468
Southwest Cook        ,20082,504
Southwest Cook        ,20083,520
Southwest Cook        ,20084,537
Southwest Cook        ,20091,672
Southwest Cook        ,20092,257
Southwest Cook        ,20093,708
Southwest Cook        ,20094,808
Southwest Cook        ,20101,727
Southwest Cook        ,20102,717
Southwest Cook        ,20103,863
Southwest Cook        ,20104,677
Southwest Cook        ,20111,704
Southwest Cook        ,20112,582
Southwest Cook        ,20113,656
Southwest Cook        ,20114,613
Southwest Cook        ,20121,674
Southwest Cook        ,20122,756
Southwest Cook        ,20123,790
Southwest Cook        ,20124,553
Uptown                ,20051,1
Uptown                ,20061,2
Uptown                ,20062,3
Uptown                ,20064,2
Uptown                ,20072,3
Uptown                ,20081,1
Uptown                ,20082,1
Uptown                ,20083,2
Uptown                ,20084,1
Uptown                ,20091,8
Uptown                ,20092,2
Uptown                ,20093,1
Uptown                ,20094,4
Uptown                ,20101,2
Uptown                ,20102,2
Uptown                ,20103,4
Uptown                ,20104,4
Uptown                ,20111,2
Uptown                ,20112,6
Uptown                ,20113,1
Uptown                ,20114,1
Uptown                ,20121,4
Uptown                ,20122,4
Uptown                ,20123,2
Uptown                ,20124,1
Washingon Park        ,20051,3
Washingon Park        ,20052,3
Washingon Park        ,20053,2
Washingon Park        ,20054,2
Washingon Park        ,20061,1
Washingon Park        ,20063,1
Washingon Park        ,20064,2
Washingon Park        ,20071,3
Washingon Park        ,20072,4
Washingon Park        ,20073,5
Washingon Park        ,20074,4
Washingon Park        ,20082,1
Washingon Park        ,20083,4
Washingon Park        ,20084,6
Washingon Park        ,20091,6
Washingon Park        ,20092,1
Washingon Park        ,20093,4
Washingon Park        ,20094,6
Washingon Park        ,20101,2
Washingon Park        ,20102,2
Washingon Park        ,20103,2
Washingon Park        ,20104,1
Washingon Park        ,20111,1
Washingon Park        ,20113,1
Washingon Park        ,20114,1
Washingon Park        ,20121,2
Washingon Park        ,20123,1
Washingon Park        ,20124,1
Washington Heights    ,20051,59
Washington Heights    ,20052,40
Washington Heights    ,20053,72
Washington Heights    ,20054,68
Washington Heights    ,20061,62
Washington Heights    ,20062,65
Washington Heights    ,20063,66
Washington Heights    ,20064,90
Washington Heights    ,20071,83
Washington Heights    ,20072,55
Washington Heights    ,20073,89
Washington Heights    ,20074,114
Washington Heights    ,20081,92
Washington Heights    ,20082,52
Washington Heights    ,20083,87
Washington Heights    ,20084,86
Washington Heights    ,20091,92
Washington Heights    ,20092,32
Washington Heights    ,20093,79
Washington Heights    ,20094,77
Washington Heights    ,20101,82
Washington Heights    ,20102,72
Washington Heights    ,20103,78
Washington Heights    ,20104,60
Washington Heights    ,20111,59
Washington Heights    ,20112,67
Washington Heights    ,20113,62
Washington Heights    ,20114,72
Washington Heights    ,20121,76
Washington Heights    ,20122,69
Washington Heights    ,20123,94
Washington Heights    ,20124,51
West Cook             ,20051,324
West Cook             ,20052,250
West Cook             ,20053,310
West Cook             ,20054,329
West Cook             ,20061,317
West Cook             ,20062,317
West Cook             ,20063,404
West Cook             ,20064,462
West Cook             ,20071,497
West Cook             ,20072,408
West Cook             ,20073,595
West Cook             ,20074,732
West Cook             ,20081,818
West Cook             ,20082,798
West Cook             ,20083,919
West Cook             ,20084,879
West Cook             ,20091,1125
West Cook             ,20092,455
West Cook             ,20093,1247
West Cook             ,20094,1255
West Cook             ,20101,1052
West Cook             ,20102,1171
West Cook             ,20103,1211
West Cook             ,20104,1003
West Cook             ,20111,1005
West Cook             ,20112,884
West Cook             ,20113,882
West Cook             ,20114,878
West Cook             ,20121,1011
West Cook             ,20122,1094
West Cook             ,20123,1126
West Cook             ,20124,725
West Elsdon           ,20051,7
West Elsdon           ,20052,2
West Elsdon           ,20053,6
West Elsdon           ,20054,4
West Elsdon           ,20061,6
West Elsdon           ,20062,6
West Elsdon           ,20063,14
West Elsdon           ,20064,5
West Elsdon           ,20071,12
West Elsdon           ,20072,12
West Elsdon           ,20073,20
West Elsdon           ,20074,22
West Elsdon           ,20081,17
West Elsdon           ,20082,28
West Elsdon           ,20083,31
West Elsdon           ,20084,35
West Elsdon           ,20091,46
West Elsdon           ,20092,17
West Elsdon           ,20093,61
West Elsdon           ,20094,58
West Elsdon           ,20101,38
West Elsdon           ,20102,39
West Elsdon           ,20103,57
West Elsdon           ,20104,38
West Elsdon           ,20111,43
West Elsdon           ,20112,37
West Elsdon           ,20113,43
West Elsdon           ,20114,28
West Elsdon           ,20121,25
West Elsdon           ,20122,45
West Elsdon           ,20123,40
West Elsdon           ,20124,26
West Englewood        ,20051,70
West Englewood        ,20052,66
West Englewood        ,20053,84
West Englewood        ,20054,86
West Englewood        ,20061,69
West Englewood        ,20062,72
West Englewood        ,20063,112
West Englewood        ,20064,112
West Englewood        ,20071,128
West Englewood        ,20072,113
West Englewood        ,20073,111
West Englewood        ,20074,127
West Englewood        ,20081,126
West Englewood        ,20082,109
West Englewood        ,20083,132
West Englewood        ,20084,94
West Englewood        ,20091,120
West Englewood        ,20092,38
West Englewood        ,20093,98
West Englewood        ,20094,101
West Englewood        ,20101,75
West Englewood        ,20102,81
West Englewood        ,20103,80
West Englewood        ,20104,88
West Englewood        ,20111,70
West Englewood        ,20112,52
West Englewood        ,20113,38
West Englewood        ,20114,47
West Englewood        ,20121,63
West Englewood        ,20122,68
West Englewood        ,20123,82
West Englewood        ,20124,41
West Garfield         ,20051,8
West Garfield         ,20052,4
West Garfield         ,20053,5
West Garfield         ,20054,7
West Garfield         ,20061,5
West Garfield         ,20062,11
West Garfield         ,20063,4
West Garfield         ,20064,14
West Garfield         ,20071,6
West Garfield         ,20072,8
West Garfield         ,20073,8
West Garfield         ,20074,15
West Garfield         ,20081,7
West Garfield         ,20082,8
West Garfield         ,20083,7
West Garfield         ,20084,9
West Garfield         ,20091,9
West Garfield         ,20092,2
West Garfield         ,20093,11
West Garfield         ,20094,8
West Garfield         ,20101,8
West Garfield         ,20102,9
West Garfield         ,20103,10
West Garfield         ,20104,7
West Garfield         ,20111,4
West Garfield         ,20112,3
West Garfield         ,20113,3
West Garfield         ,20114,5
West Garfield         ,20121,6
West Garfield         ,20122,6
West Garfield         ,20123,13
West Garfield         ,20124,10
West Lawn             ,20051,19
West Lawn             ,20052,12
West Lawn             ,20053,19
West Lawn             ,20054,15
West Lawn             ,20061,30
West Lawn             ,20062,14
West Lawn             ,20063,24
West Lawn             ,20064,29
West Lawn             ,20071,47
West Lawn             ,20072,35
West Lawn             ,20073,45
West Lawn             ,20074,57
West Lawn             ,20081,69
West Lawn             ,20082,63
West Lawn             ,20083,89
West Lawn             ,20084,104
West Lawn             ,20091,123
West Lawn             ,20092,47
West Lawn             ,20093,101
West Lawn             ,20094,119
West Lawn             ,20101,103
West Lawn             ,20102,103
West Lawn             ,20103,115
West Lawn             ,20104,91
West Lawn             ,20111,88
West Lawn             ,20112,79
West Lawn             ,20113,62
West Lawn             ,20114,61
West Lawn             ,20121,73
West Lawn             ,20122,81
West Lawn             ,20123,67
West Lawn             ,20124,65
West Pullman          ,20051,73
West Pullman          ,20052,59
West Pullman          ,20053,75
West Pullman          ,20054,73
West Pullman          ,20061,87
West Pullman          ,20062,96
West Pullman          ,20063,108
West Pullman          ,20064,97
West Pullman          ,20071,126
West Pullman          ,20072,94
West Pullman          ,20073,114
West Pullman          ,20074,113
West Pullman          ,20081,130
West Pullman          ,20082,109
West Pullman          ,20083,140
West Pullman          ,20084,116
West Pullman          ,20091,120
West Pullman          ,20092,43
West Pullman          ,20093,94
West Pullman          ,20094,114
West Pullman          ,20101,83
West Pullman          ,20102,85
West Pullman          ,20103,83
West Pullman          ,20104,87
West Pullman          ,20111,71
West Pullman          ,20112,58
West Pullman          ,20113,74
West Pullman          ,20114,81
West Pullman          ,20121,79
West Pullman          ,20122,120
West Pullman          ,20123,90
West Pullman          ,20124,66
West Ridge            ,20051,10
West Ridge            ,20052,6
West Ridge            ,20053,4
West Ridge            ,20054,5
West Ridge            ,20061,7
West Ridge            ,20062,4
West Ridge            ,20063,9
West Ridge            ,20064,18
West Ridge            ,20071,11
West Ridge            ,20072,13
West Ridge            ,20073,22
West Ridge            ,20074,28
West Ridge            ,20081,19
West Ridge            ,20082,35
West Ridge            ,20083,14
West Ridge            ,20084,26
West Ridge            ,20091,28
West Ridge            ,20092,19
West Ridge            ,20093,56
West Ridge            ,20094,39
West Ridge            ,20101,39
West Ridge            ,20102,47
West Ridge            ,20103,32
West Ridge            ,20104,31
West Ridge            ,20111,38
West Ridge            ,20112,25
West Ridge            ,20113,33
West Ridge            ,20114,25
West Ridge            ,20121,25
West Ridge            ,20122,30
West Ridge            ,20123,27
West Ridge            ,20124,13
West Town             ,20051,5
West Town             ,20052,7
West Town             ,20053,6
West Town             ,20054,3
West Town             ,20061,6
West Town             ,20062,8
West Town             ,20063,6
West Town             ,20064,9
West Town             ,20071,8
West Town             ,20072,9
West Town             ,20073,13
West Town             ,20074,15
West Town             ,20081,26
West Town             ,20082,27
West Town             ,20083,25
West Town             ,20084,15
West Town             ,20091,34
West Town             ,20092,20
West Town             ,20093,36
West Town             ,20094,27
West Town             ,20101,21
West Town             ,20102,24
West Town             ,20103,17
West Town             ,20104,12
West Town             ,20111,16
West Town             ,20112,25
West Town             ,20113,10
West Town             ,20114,17
West Town             ,20121,10
West Town             ,20122,14
West Town             ,20123,11
West Town             ,20124,12
Woodlawn              ,20051,6
Woodlawn              ,20052,6
Woodlawn              ,20053,5
Woodlawn              ,20054,4
Woodlawn              ,20061,2
Woodlawn              ,20062,8
Woodlawn              ,20063,5
Woodlawn              ,20064,9
Woodlawn              ,20071,11
Woodlawn              ,20072,13
Woodlawn              ,20073,18
Woodlawn              ,20074,20
Woodlawn              ,20081,18
Woodlawn              ,20082,10
Woodlawn              ,20083,14
Woodlawn              ,20084,12
Woodlawn              ,20091,10
Woodlawn              ,20092,6
Woodlawn              ,20093,15
Woodlawn              ,20094,20
Woodlawn              ,20101,18
Woodlawn              ,20102,11
Woodlawn              ,20103,6
Woodlawn              ,20104,10
Woodlawn              ,20111,7
Woodlawn              ,20112,9
Woodlawn              ,20113,5
Woodlawn              ,20114,7
Woodlawn              ,20121,10
Woodlawn              ,20122,13
Woodlawn              ,20123,12
Woodlawn              ,20124,6
