CA_name,YYYYQ_DOC,YYYYQ_DOC
Albany Park           ,20051,252
Albany Park           ,20052,293
Albany Park           ,20053,284
Albany Park           ,20054,289
Albany Park           ,20061,201
Albany Park           ,20062,245
Albany Park           ,20063,261
Albany Park           ,20064,215
Albany Park           ,20071,223
Albany Park           ,20072,209
Albany Park           ,20073,165
Albany Park           ,20074,168
Albany Park           ,20081,200
Albany Park           ,20082,143
Albany Park           ,20083,86
Albany Park           ,20084,87
Albany Park           ,20091,146
Albany Park           ,20092,187
Albany Park           ,20093,110
Albany Park           ,20094,106
Albany Park           ,20101,86
Albany Park           ,20102,95
Albany Park           ,20103,137
Albany Park           ,20104,146
Albany Park           ,20111,74
Albany Park           ,20112,68
Albany Park           ,20113,83
Albany Park           ,20114,126
Albany Park           ,20121,110
Albany Park           ,20122,121
Albany Park           ,20123,127
Albany Park           ,20124,130
Archer Heights        ,20051,128
Archer Heights        ,20052,156
Archer Heights        ,20053,166
Archer Heights        ,20054,131
Archer Heights        ,20061,115
Archer Heights        ,20062,135
Archer Heights        ,20063,109
Archer Heights        ,20064,87
Archer Heights        ,20071,85
Archer Heights        ,20072,95
Archer Heights        ,20073,82
Archer Heights        ,20074,60
Archer Heights        ,20081,70
Archer Heights        ,20082,56
Archer Heights        ,20083,35
Archer Heights        ,20084,39
Archer Heights        ,20091,31
Archer Heights        ,20092,45
Archer Heights        ,20093,28
Archer Heights        ,20094,39
Archer Heights        ,20101,27
Archer Heights        ,20102,31
Archer Heights        ,20103,29
Archer Heights        ,20104,37
Archer Heights        ,20111,31
Archer Heights        ,20112,28
Archer Heights        ,20113,21
Archer Heights        ,20114,30
Archer Heights        ,20121,40
Archer Heights        ,20122,43
Archer Heights        ,20123,33
Archer Heights        ,20124,40
Armour Square         ,20051,29
Armour Square         ,20052,39
Armour Square         ,20053,27
Armour Square         ,20054,20
Armour Square         ,20061,26
Armour Square         ,20062,20
Armour Square         ,20063,19
Armour Square         ,20064,39
Armour Square         ,20071,47
Armour Square         ,20072,33
Armour Square         ,20073,31
Armour Square         ,20074,22
Armour Square         ,20081,35
Armour Square         ,20082,24
Armour Square         ,20083,20
Armour Square         ,20084,8
Armour Square         ,20091,27
Armour Square         ,20092,15
Armour Square         ,20093,24
Armour Square         ,20094,18
Armour Square         ,20101,16
Armour Square         ,20102,22
Armour Square         ,20103,19
Armour Square         ,20104,29
Armour Square         ,20111,11
Armour Square         ,20112,16
Armour Square         ,20113,18
Armour Square         ,20114,18
Armour Square         ,20121,11
Armour Square         ,20122,18
Armour Square         ,20123,15
Armour Square         ,20124,23
Ashburn               ,20051,922
Ashburn               ,20052,1152
Ashburn               ,20053,1200
Ashburn               ,20054,1226
Ashburn               ,20061,913
Ashburn               ,20062,1018
Ashburn               ,20063,1078
Ashburn               ,20064,771
Ashburn               ,20071,828
Ashburn               ,20072,897
Ashburn               ,20073,705
Ashburn               ,20074,573
Ashburn               ,20081,482
Ashburn               ,20082,424
Ashburn               ,20083,287
Ashburn               ,20084,244
Ashburn               ,20091,308
Ashburn               ,20092,298
Ashburn               ,20093,280
Ashburn               ,20094,289
Ashburn               ,20101,179
Ashburn               ,20102,232
Ashburn               ,20103,193
Ashburn               ,20104,275
Ashburn               ,20111,198
Ashburn               ,20112,171
Ashburn               ,20113,196
Ashburn               ,20114,193
Ashburn               ,20121,192
Ashburn               ,20122,259
Ashburn               ,20123,305
Ashburn               ,20124,304
Auburn Gresham        ,20051,498
Auburn Gresham        ,20052,735
Auburn Gresham        ,20053,640
Auburn Gresham        ,20054,629
Auburn Gresham        ,20061,539
Auburn Gresham        ,20062,567
Auburn Gresham        ,20063,567
Auburn Gresham        ,20064,445
Auburn Gresham        ,20071,471
Auburn Gresham        ,20072,536
Auburn Gresham        ,20073,480
Auburn Gresham        ,20074,386
Auburn Gresham        ,20081,309
Auburn Gresham        ,20082,257
Auburn Gresham        ,20083,222
Auburn Gresham        ,20084,184
Auburn Gresham        ,20091,192
Auburn Gresham        ,20092,201
Auburn Gresham        ,20093,178
Auburn Gresham        ,20094,150
Auburn Gresham        ,20101,107
Auburn Gresham        ,20102,119
Auburn Gresham        ,20103,108
Auburn Gresham        ,20104,112
Auburn Gresham        ,20111,87
Auburn Gresham        ,20112,85
Auburn Gresham        ,20113,111
Auburn Gresham        ,20114,90
Auburn Gresham        ,20121,83
Auburn Gresham        ,20122,107
Auburn Gresham        ,20123,133
Auburn Gresham        ,20124,127
Austin                ,20051,731
Austin                ,20052,965
Austin                ,20053,932
Austin                ,20054,968
Austin                ,20061,832
Austin                ,20062,979
Austin                ,20063,979
Austin                ,20064,912
Austin                ,20071,702
Austin                ,20072,732
Austin                ,20073,588
Austin                ,20074,499
Austin                ,20081,420
Austin                ,20082,335
Austin                ,20083,251
Austin                ,20084,241
Austin                ,20091,265
Austin                ,20092,227
Austin                ,20093,199
Austin                ,20094,202
Austin                ,20101,152
Austin                ,20102,142
Austin                ,20103,170
Austin                ,20104,188
Austin                ,20111,144
Austin                ,20112,111
Austin                ,20113,123
Austin                ,20114,135
Austin                ,20121,166
Austin                ,20122,175
Austin                ,20123,176
Austin                ,20124,184
Avalon Park           ,20051,182
Avalon Park           ,20052,254
Avalon Park           ,20053,223
Avalon Park           ,20054,253
Avalon Park           ,20061,195
Avalon Park           ,20062,191
Avalon Park           ,20063,187
Avalon Park           ,20064,222
Avalon Park           ,20071,178
Avalon Park           ,20072,170
Avalon Park           ,20073,169
Avalon Park           ,20074,128
Avalon Park           ,20081,112
Avalon Park           ,20082,86
Avalon Park           ,20083,82
Avalon Park           ,20084,70
Avalon Park           ,20091,64
Avalon Park           ,20092,60
Avalon Park           ,20093,65
Avalon Park           ,20094,50
Avalon Park           ,20101,48
Avalon Park           ,20102,40
Avalon Park           ,20103,40
Avalon Park           ,20104,38
Avalon Park           ,20111,32
Avalon Park           ,20112,26
Avalon Park           ,20113,43
Avalon Park           ,20114,42
Avalon Park           ,20121,30
Avalon Park           ,20122,32
Avalon Park           ,20123,31
Avalon Park           ,20124,53
Avondale              ,20051,181
Avondale              ,20052,194
Avondale              ,20053,238
Avondale              ,20054,188
Avondale              ,20061,175
Avondale              ,20062,211
Avondale              ,20063,173
Avondale              ,20064,191
Avondale              ,20071,145
Avondale              ,20072,191
Avondale              ,20073,130
Avondale              ,20074,127
Avondale              ,20081,128
Avondale              ,20082,95
Avondale              ,20083,70
Avondale              ,20084,46
Avondale              ,20091,78
Avondale              ,20092,102
Avondale              ,20093,73
Avondale              ,20094,56
Avondale              ,20101,60
Avondale              ,20102,59
Avondale              ,20103,68
Avondale              ,20104,87
Avondale              ,20111,48
Avondale              ,20112,56
Avondale              ,20113,64
Avondale              ,20114,66
Avondale              ,20121,74
Avondale              ,20122,89
Avondale              ,20123,73
Avondale              ,20124,90
Belmont Cragin        ,20051,716
Belmont Cragin        ,20052,971
Belmont Cragin        ,20053,919
Belmont Cragin        ,20054,932
Belmont Cragin        ,20061,681
Belmont Cragin        ,20062,773
Belmont Cragin        ,20063,772
Belmont Cragin        ,20064,854
Belmont Cragin        ,20071,632
Belmont Cragin        ,20072,635
Belmont Cragin        ,20073,471
Belmont Cragin        ,20074,388
Belmont Cragin        ,20081,346
Belmont Cragin        ,20082,267
Belmont Cragin        ,20083,178
Belmont Cragin        ,20084,151
Belmont Cragin        ,20091,158
Belmont Cragin        ,20092,203
Belmont Cragin        ,20093,168
Belmont Cragin        ,20094,161
Belmont Cragin        ,20101,128
Belmont Cragin        ,20102,143
Belmont Cragin        ,20103,112
Belmont Cragin        ,20104,148
Belmont Cragin        ,20111,138
Belmont Cragin        ,20112,134
Belmont Cragin        ,20113,130
Belmont Cragin        ,20114,166
Belmont Cragin        ,20121,139
Belmont Cragin        ,20122,173
Belmont Cragin        ,20123,173
Belmont Cragin        ,20124,206
Beverly               ,20051,430
Beverly               ,20052,532
Beverly               ,20053,560
Beverly               ,20054,454
Beverly               ,20061,389
Beverly               ,20062,477
Beverly               ,20063,452
Beverly               ,20064,354
Beverly               ,20071,363
Beverly               ,20072,400
Beverly               ,20073,377
Beverly               ,20074,297
Beverly               ,20081,357
Beverly               ,20082,317
Beverly               ,20083,218
Beverly               ,20084,195
Beverly               ,20091,310
Beverly               ,20092,369
Beverly               ,20093,245
Beverly               ,20094,266
Beverly               ,20101,188
Beverly               ,20102,180
Beverly               ,20103,267
Beverly               ,20104,276
Beverly               ,20111,180
Beverly               ,20112,165
Beverly               ,20113,228
Beverly               ,20114,280
Beverly               ,20121,227
Beverly               ,20122,202
Beverly               ,20123,272
Beverly               ,20124,289
Bridgeport            ,20051,203
Bridgeport            ,20052,195
Bridgeport            ,20053,239
Bridgeport            ,20054,211
Bridgeport            ,20061,212
Bridgeport            ,20062,224
Bridgeport            ,20063,196
Bridgeport            ,20064,198
Bridgeport            ,20071,174
Bridgeport            ,20072,207
Bridgeport            ,20073,191
Bridgeport            ,20074,124
Bridgeport            ,20081,180
Bridgeport            ,20082,154
Bridgeport            ,20083,87
Bridgeport            ,20084,82
Bridgeport            ,20091,133
Bridgeport            ,20092,189
Bridgeport            ,20093,114
Bridgeport            ,20094,112
Bridgeport            ,20101,92
Bridgeport            ,20102,91
Bridgeport            ,20103,121
Bridgeport            ,20104,160
Bridgeport            ,20111,89
Bridgeport            ,20112,68
Bridgeport            ,20113,104
Bridgeport            ,20114,134
Bridgeport            ,20121,99
Bridgeport            ,20122,97
Bridgeport            ,20123,97
Bridgeport            ,20124,114
Brighton Park         ,20051,260
Brighton Park         ,20052,249
Brighton Park         ,20053,306
Brighton Park         ,20054,230
Brighton Park         ,20061,232
Brighton Park         ,20062,223
Brighton Park         ,20063,232
Brighton Park         ,20064,178
Brighton Park         ,20071,190
Brighton Park         ,20072,196
Brighton Park         ,20073,152
Brighton Park         ,20074,132
Brighton Park         ,20081,136
Brighton Park         ,20082,107
Brighton Park         ,20083,66
Brighton Park         ,20084,50
Brighton Park         ,20091,58
Brighton Park         ,20092,62
Brighton Park         ,20093,48
Brighton Park         ,20094,47
Brighton Park         ,20101,49
Brighton Park         ,20102,43
Brighton Park         ,20103,61
Brighton Park         ,20104,59
Brighton Park         ,20111,51
Brighton Park         ,20112,34
Brighton Park         ,20113,43
Brighton Park         ,20114,45
Brighton Park         ,20121,52
Brighton Park         ,20122,56
Brighton Park         ,20123,49
Brighton Park         ,20124,58
Burnside              ,20051,47
Burnside              ,20052,54
Burnside              ,20053,70
Burnside              ,20054,63
Burnside              ,20061,51
Burnside              ,20062,74
Burnside              ,20063,51
Burnside              ,20064,69
Burnside              ,20071,62
Burnside              ,20072,60
Burnside              ,20073,42
Burnside              ,20074,30
Burnside              ,20081,24
Burnside              ,20082,17
Burnside              ,20083,14
Burnside              ,20084,13
Burnside              ,20091,13
Burnside              ,20092,11
Burnside              ,20093,8
Burnside              ,20094,14
Burnside              ,20101,11
Burnside              ,20102,9
Burnside              ,20103,10
Burnside              ,20104,6
Burnside              ,20111,2
Burnside              ,20112,11
Burnside              ,20113,12
Burnside              ,20114,2
Burnside              ,20121,3
Burnside              ,20122,9
Burnside              ,20123,4
Burnside              ,20124,4
Calumet Heights       ,20051,220
Calumet Heights       ,20052,256
Calumet Heights       ,20053,331
Calumet Heights       ,20054,316
Calumet Heights       ,20061,308
Calumet Heights       ,20062,354
Calumet Heights       ,20063,314
Calumet Heights       ,20064,288
Calumet Heights       ,20071,234
Calumet Heights       ,20072,268
Calumet Heights       ,20073,211
Calumet Heights       ,20074,204
Calumet Heights       ,20081,196
Calumet Heights       ,20082,142
Calumet Heights       ,20083,137
Calumet Heights       ,20084,88
Calumet Heights       ,20091,73
Calumet Heights       ,20092,92
Calumet Heights       ,20093,89
Calumet Heights       ,20094,90
Calumet Heights       ,20101,62
Calumet Heights       ,20102,64
Calumet Heights       ,20103,74
Calumet Heights       ,20104,90
Calumet Heights       ,20111,62
Calumet Heights       ,20112,54
Calumet Heights       ,20113,48
Calumet Heights       ,20114,47
Calumet Heights       ,20121,62
Calumet Heights       ,20122,63
Calumet Heights       ,20123,66
Calumet Heights       ,20124,64
Chatham               ,20051,275
Chatham               ,20052,357
Chatham               ,20053,399
Chatham               ,20054,387
Chatham               ,20061,316
Chatham               ,20062,369
Chatham               ,20063,376
Chatham               ,20064,354
Chatham               ,20071,317
Chatham               ,20072,315
Chatham               ,20073,255
Chatham               ,20074,233
Chatham               ,20081,198
Chatham               ,20082,159
Chatham               ,20083,120
Chatham               ,20084,129
Chatham               ,20091,87
Chatham               ,20092,91
Chatham               ,20093,91
Chatham               ,20094,123
Chatham               ,20101,81
Chatham               ,20102,79
Chatham               ,20103,65
Chatham               ,20104,80
Chatham               ,20111,63
Chatham               ,20112,75
Chatham               ,20113,57
Chatham               ,20114,70
Chatham               ,20121,54
Chatham               ,20122,71
Chatham               ,20123,68
Chatham               ,20124,87
Chicago Lawn          ,20051,662
Chicago Lawn          ,20052,900
Chicago Lawn          ,20053,956
Chicago Lawn          ,20054,764
Chicago Lawn          ,20061,701
Chicago Lawn          ,20062,766
Chicago Lawn          ,20063,610
Chicago Lawn          ,20064,541
Chicago Lawn          ,20071,562
Chicago Lawn          ,20072,573
Chicago Lawn          ,20073,382
Chicago Lawn          ,20074,398
Chicago Lawn          ,20081,282
Chicago Lawn          ,20082,235
Chicago Lawn          ,20083,171
Chicago Lawn          ,20084,166
Chicago Lawn          ,20091,121
Chicago Lawn          ,20092,139
Chicago Lawn          ,20093,142
Chicago Lawn          ,20094,127
Chicago Lawn          ,20101,109
Chicago Lawn          ,20102,78
Chicago Lawn          ,20103,86
Chicago Lawn          ,20104,101
Chicago Lawn          ,20111,67
Chicago Lawn          ,20112,98
Chicago Lawn          ,20113,74
Chicago Lawn          ,20114,69
Chicago Lawn          ,20121,85
Chicago Lawn          ,20122,105
Chicago Lawn          ,20123,93
Chicago Lawn          ,20124,98
Clearing              ,20051,363
Clearing              ,20052,519
Clearing              ,20053,496
Clearing              ,20054,473
Clearing              ,20061,371
Clearing              ,20062,456
Clearing              ,20063,384
Clearing              ,20064,265
Clearing              ,20071,327
Clearing              ,20072,332
Clearing              ,20073,298
Clearing              ,20074,223
Clearing              ,20081,239
Clearing              ,20082,203
Clearing              ,20083,135
Clearing              ,20084,114
Clearing              ,20091,169
Clearing              ,20092,211
Clearing              ,20093,175
Clearing              ,20094,152
Clearing              ,20101,128
Clearing              ,20102,138
Clearing              ,20103,147
Clearing              ,20104,141
Clearing              ,20111,108
Clearing              ,20112,106
Clearing              ,20113,110
Clearing              ,20114,142
Clearing              ,20121,108
Clearing              ,20122,132
Clearing              ,20123,153
Clearing              ,20124,202
Douglas               ,20051,51
Douglas               ,20052,80
Douglas               ,20053,61
Douglas               ,20054,59
Douglas               ,20061,40
Douglas               ,20062,59
Douglas               ,20063,61
Douglas               ,20064,38
Douglas               ,20071,35
Douglas               ,20072,40
Douglas               ,20073,21
Douglas               ,20074,40
Douglas               ,20081,43
Douglas               ,20082,21
Douglas               ,20083,20
Douglas               ,20084,8
Douglas               ,20091,24
Douglas               ,20092,21
Douglas               ,20093,9
Douglas               ,20094,25
Douglas               ,20101,9
Douglas               ,20102,10
Douglas               ,20103,18
Douglas               ,20104,16
Douglas               ,20111,14
Douglas               ,20112,4
Douglas               ,20113,17
Douglas               ,20114,19
Douglas               ,20121,7
Douglas               ,20122,21
Douglas               ,20123,16
Douglas               ,20124,14
Dunning               ,20051,708
Dunning               ,20052,936
Dunning               ,20053,960
Dunning               ,20054,844
Dunning               ,20061,710
Dunning               ,20062,824
Dunning               ,20063,761
Dunning               ,20064,758
Dunning               ,20071,635
Dunning               ,20072,663
Dunning               ,20073,508
Dunning               ,20074,462
Dunning               ,20081,452
Dunning               ,20082,420
Dunning               ,20083,221
Dunning               ,20084,178
Dunning               ,20091,290
Dunning               ,20092,322
Dunning               ,20093,273
Dunning               ,20094,258
Dunning               ,20101,204
Dunning               ,20102,236
Dunning               ,20103,282
Dunning               ,20104,297
Dunning               ,20111,229
Dunning               ,20112,197
Dunning               ,20113,215
Dunning               ,20114,269
Dunning               ,20121,267
Dunning               ,20122,282
Dunning               ,20123,309
Dunning               ,20124,350
East Garfield         ,20051,58
East Garfield         ,20052,56
East Garfield         ,20053,77
East Garfield         ,20054,73
East Garfield         ,20061,64
East Garfield         ,20062,85
East Garfield         ,20063,68
East Garfield         ,20064,70
East Garfield         ,20071,56
East Garfield         ,20072,66
East Garfield         ,20073,49
East Garfield         ,20074,44
East Garfield         ,20081,30
East Garfield         ,20082,31
East Garfield         ,20083,20
East Garfield         ,20084,20
East Garfield         ,20091,20
East Garfield         ,20092,19
East Garfield         ,20093,20
East Garfield         ,20094,12
East Garfield         ,20101,14
East Garfield         ,20102,9
East Garfield         ,20103,11
East Garfield         ,20104,16
East Garfield         ,20111,15
East Garfield         ,20112,4
East Garfield         ,20113,10
East Garfield         ,20114,9
East Garfield         ,20121,11
East Garfield         ,20122,13
East Garfield         ,20123,11
East Garfield         ,20124,14
East Side             ,20051,211
East Side             ,20052,287
East Side             ,20053,293
East Side             ,20054,277
East Side             ,20061,259
East Side             ,20062,268
East Side             ,20063,275
East Side             ,20064,287
East Side             ,20071,221
East Side             ,20072,215
East Side             ,20073,181
East Side             ,20074,159
East Side             ,20081,135
East Side             ,20082,144
East Side             ,20083,89
East Side             ,20084,92
East Side             ,20091,70
East Side             ,20092,72
East Side             ,20093,80
East Side             ,20094,93
East Side             ,20101,44
East Side             ,20102,65
East Side             ,20103,51
East Side             ,20104,69
East Side             ,20111,56
East Side             ,20112,63
East Side             ,20113,65
East Side             ,20114,54
East Side             ,20121,53
East Side             ,20122,54
East Side             ,20123,71
East Side             ,20124,67
Edgewater             ,20051,110
Edgewater             ,20052,153
Edgewater             ,20053,170
Edgewater             ,20054,134
Edgewater             ,20061,101
Edgewater             ,20062,138
Edgewater             ,20063,109
Edgewater             ,20064,122
Edgewater             ,20071,109
Edgewater             ,20072,124
Edgewater             ,20073,97
Edgewater             ,20074,88
Edgewater             ,20081,94
Edgewater             ,20082,109
Edgewater             ,20083,76
Edgewater             ,20084,60
Edgewater             ,20091,101
Edgewater             ,20092,123
Edgewater             ,20093,78
Edgewater             ,20094,63
Edgewater             ,20101,74
Edgewater             ,20102,73
Edgewater             ,20103,81
Edgewater             ,20104,133
Edgewater             ,20111,59
Edgewater             ,20112,57
Edgewater             ,20113,76
Edgewater             ,20114,114
Edgewater             ,20121,81
Edgewater             ,20122,84
Edgewater             ,20123,116
Edgewater             ,20124,103
Edison Park           ,20051,190
Edison Park           ,20052,245
Edison Park           ,20053,209
Edison Park           ,20054,208
Edison Park           ,20061,179
Edison Park           ,20062,201
Edison Park           ,20063,187
Edison Park           ,20064,170
Edison Park           ,20071,143
Edison Park           ,20072,180
Edison Park           ,20073,139
Edison Park           ,20074,151
Edison Park           ,20081,171
Edison Park           ,20082,145
Edison Park           ,20083,77
Edison Park           ,20084,94
Edison Park           ,20091,175
Edison Park           ,20092,186
Edison Park           ,20093,122
Edison Park           ,20094,141
Edison Park           ,20101,90
Edison Park           ,20102,119
Edison Park           ,20103,155
Edison Park           ,20104,177
Edison Park           ,20111,107
Edison Park           ,20112,96
Edison Park           ,20113,118
Edison Park           ,20114,183
Edison Park           ,20121,133
Edison Park           ,20122,130
Edison Park           ,20123,173
Edison Park           ,20124,163
Englewood             ,20051,205
Englewood             ,20052,216
Englewood             ,20053,238
Englewood             ,20054,226
Englewood             ,20061,263
Englewood             ,20062,196
Englewood             ,20063,223
Englewood             ,20064,132
Englewood             ,20071,186
Englewood             ,20072,156
Englewood             ,20073,144
Englewood             ,20074,139
Englewood             ,20081,88
Englewood             ,20082,91
Englewood             ,20083,59
Englewood             ,20084,64
Englewood             ,20091,48
Englewood             ,20092,50
Englewood             ,20093,44
Englewood             ,20094,24
Englewood             ,20101,37
Englewood             ,20102,16
Englewood             ,20103,14
Englewood             ,20104,22
Englewood             ,20111,12
Englewood             ,20112,17
Englewood             ,20113,22
Englewood             ,20114,12
Englewood             ,20121,9
Englewood             ,20122,9
Englewood             ,20123,27
Englewood             ,20124,15
Forest Glen           ,20051,388
Forest Glen           ,20052,472
Forest Glen           ,20053,488
Forest Glen           ,20054,339
Forest Glen           ,20061,328
Forest Glen           ,20062,397
Forest Glen           ,20063,344
Forest Glen           ,20064,389
Forest Glen           ,20071,360
Forest Glen           ,20072,348
Forest Glen           ,20073,312
Forest Glen           ,20074,253
Forest Glen           ,20081,345
Forest Glen           ,20082,297
Forest Glen           ,20083,197
Forest Glen           ,20084,172
Forest Glen           ,20091,373
Forest Glen           ,20092,389
Forest Glen           ,20093,236
Forest Glen           ,20094,264
Forest Glen           ,20101,177
Forest Glen           ,20102,210
Forest Glen           ,20103,284
Forest Glen           ,20104,367
Forest Glen           ,20111,205
Forest Glen           ,20112,172
Forest Glen           ,20113,225
Forest Glen           ,20114,327
Forest Glen           ,20121,270
Forest Glen           ,20122,276
Forest Glen           ,20123,306
Forest Glen           ,20124,341
Fuller Park           ,20051,26
Fuller Park           ,20052,19
Fuller Park           ,20053,18
Fuller Park           ,20054,24
Fuller Park           ,20061,22
Fuller Park           ,20062,30
Fuller Park           ,20063,20
Fuller Park           ,20064,26
Fuller Park           ,20071,16
Fuller Park           ,20072,18
Fuller Park           ,20073,7
Fuller Park           ,20074,13
Fuller Park           ,20081,13
Fuller Park           ,20082,10
Fuller Park           ,20083,6
Fuller Park           ,20084,5
Fuller Park           ,20091,3
Fuller Park           ,20092,14
Fuller Park           ,20093,11
Fuller Park           ,20094,5
Fuller Park           ,20101,3
Fuller Park           ,20102,5
Fuller Park           ,20103,2
Fuller Park           ,20104,1
Fuller Park           ,20112,3
Fuller Park           ,20113,1
Fuller Park           ,20114,1
Fuller Park           ,20122,3
Fuller Park           ,20123,2
Fuller Park           ,20124,1
Gage Park             ,20051,398
Gage Park             ,20052,493
Gage Park             ,20053,511
Gage Park             ,20054,514
Gage Park             ,20061,375
Gage Park             ,20062,432
Gage Park             ,20063,402
Gage Park             ,20064,339
Gage Park             ,20071,286
Gage Park             ,20072,309
Gage Park             ,20073,257
Gage Park             ,20074,225
Gage Park             ,20081,168
Gage Park             ,20082,179
Gage Park             ,20083,91
Gage Park             ,20084,76
Gage Park             ,20091,53
Gage Park             ,20092,80
Gage Park             ,20093,94
Gage Park             ,20094,63
Gage Park             ,20101,39
Gage Park             ,20102,64
Gage Park             ,20103,64
Gage Park             ,20104,44
Gage Park             ,20111,48
Gage Park             ,20112,44
Gage Park             ,20113,44
Gage Park             ,20114,47
Gage Park             ,20121,48
Gage Park             ,20122,56
Gage Park             ,20123,49
Gage Park             ,20124,58
Garfield Ridge        ,20051,603
Garfield Ridge        ,20052,856
Garfield Ridge        ,20053,855
Garfield Ridge        ,20054,742
Garfield Ridge        ,20061,601
Garfield Ridge        ,20062,705
Garfield Ridge        ,20063,636
Garfield Ridge        ,20064,546
Garfield Ridge        ,20071,506
Garfield Ridge        ,20072,581
Garfield Ridge        ,20073,468
Garfield Ridge        ,20074,415
Garfield Ridge        ,20081,397
Garfield Ridge        ,20082,369
Garfield Ridge        ,20083,230
Garfield Ridge        ,20084,204
Garfield Ridge        ,20091,273
Garfield Ridge        ,20092,325
Garfield Ridge        ,20093,259
Garfield Ridge        ,20094,256
Garfield Ridge        ,20101,163
Garfield Ridge        ,20102,202
Garfield Ridge        ,20103,187
Garfield Ridge        ,20104,286
Garfield Ridge        ,20111,185
Garfield Ridge        ,20112,182
Garfield Ridge        ,20113,202
Garfield Ridge        ,20114,229
Garfield Ridge        ,20121,238
Garfield Ridge        ,20122,261
Garfield Ridge        ,20123,289
Garfield Ridge        ,20124,297
Grand Boulevard       ,20051,82
Grand Boulevard       ,20052,81
Grand Boulevard       ,20053,117
Grand Boulevard       ,20054,77
Grand Boulevard       ,20061,77
Grand Boulevard       ,20062,92
Grand Boulevard       ,20063,90
Grand Boulevard       ,20064,104
Grand Boulevard       ,20071,73
Grand Boulevard       ,20072,60
Grand Boulevard       ,20073,55
Grand Boulevard       ,20074,54
Grand Boulevard       ,20081,51
Grand Boulevard       ,20082,48
Grand Boulevard       ,20083,27
Grand Boulevard       ,20084,23
Grand Boulevard       ,20091,22
Grand Boulevard       ,20092,18
Grand Boulevard       ,20093,23
Grand Boulevard       ,20094,30
Grand Boulevard       ,20101,8
Grand Boulevard       ,20102,25
Grand Boulevard       ,20103,21
Grand Boulevard       ,20104,18
Grand Boulevard       ,20111,12
Grand Boulevard       ,20112,7
Grand Boulevard       ,20113,9
Grand Boulevard       ,20114,11
Grand Boulevard       ,20121,21
Grand Boulevard       ,20122,16
Grand Boulevard       ,20123,18
Grand Boulevard       ,20124,14
Greater Grand Crossing,20051,243
Greater Grand Crossing,20052,257
Greater Grand Crossing,20053,287
Greater Grand Crossing,20054,310
Greater Grand Crossing,20061,260
Greater Grand Crossing,20062,337
Greater Grand Crossing,20063,313
Greater Grand Crossing,20064,252
Greater Grand Crossing,20071,266
Greater Grand Crossing,20072,196
Greater Grand Crossing,20073,178
Greater Grand Crossing,20074,163
Greater Grand Crossing,20081,139
Greater Grand Crossing,20082,122
Greater Grand Crossing,20083,96
Greater Grand Crossing,20084,91
Greater Grand Crossing,20091,81
Greater Grand Crossing,20092,83
Greater Grand Crossing,20093,66
Greater Grand Crossing,20094,62
Greater Grand Crossing,20101,50
Greater Grand Crossing,20102,59
Greater Grand Crossing,20103,42
Greater Grand Crossing,20104,48
Greater Grand Crossing,20111,35
Greater Grand Crossing,20112,60
Greater Grand Crossing,20113,39
Greater Grand Crossing,20114,35
Greater Grand Crossing,20121,34
Greater Grand Crossing,20122,29
Greater Grand Crossing,20123,44
Greater Grand Crossing,20124,50
Hegewisch             ,20051,96
Hegewisch             ,20052,128
Hegewisch             ,20053,160
Hegewisch             ,20054,152
Hegewisch             ,20061,118
Hegewisch             ,20062,132
Hegewisch             ,20063,112
Hegewisch             ,20064,133
Hegewisch             ,20071,102
Hegewisch             ,20072,107
Hegewisch             ,20073,111
Hegewisch             ,20074,81
Hegewisch             ,20081,63
Hegewisch             ,20082,77
Hegewisch             ,20083,59
Hegewisch             ,20084,49
Hegewisch             ,20091,51
Hegewisch             ,20092,49
Hegewisch             ,20093,52
Hegewisch             ,20094,60
Hegewisch             ,20101,37
Hegewisch             ,20102,57
Hegewisch             ,20103,55
Hegewisch             ,20104,57
Hegewisch             ,20111,39
Hegewisch             ,20112,29
Hegewisch             ,20113,49
Hegewisch             ,20114,41
Hegewisch             ,20121,44
Hegewisch             ,20122,43
Hegewisch             ,20123,41
Hegewisch             ,20124,63
Hermosa               ,20051,189
Hermosa               ,20052,225
Hermosa               ,20053,208
Hermosa               ,20054,183
Hermosa               ,20061,158
Hermosa               ,20062,205
Hermosa               ,20063,197
Hermosa               ,20064,201
Hermosa               ,20071,171
Hermosa               ,20072,152
Hermosa               ,20073,95
Hermosa               ,20074,90
Hermosa               ,20081,67
Hermosa               ,20082,58
Hermosa               ,20083,57
Hermosa               ,20084,35
Hermosa               ,20091,44
Hermosa               ,20092,47
Hermosa               ,20093,41
Hermosa               ,20094,43
Hermosa               ,20101,33
Hermosa               ,20102,29
Hermosa               ,20103,31
Hermosa               ,20104,31
Hermosa               ,20111,19
Hermosa               ,20112,22
Hermosa               ,20113,34
Hermosa               ,20114,45
Hermosa               ,20121,32
Hermosa               ,20122,33
Hermosa               ,20123,43
Hermosa               ,20124,45
Humboldt Park         ,20051,344
Humboldt Park         ,20052,421
Humboldt Park         ,20053,456
Humboldt Park         ,20054,404
Humboldt Park         ,20061,349
Humboldt Park         ,20062,359
Humboldt Park         ,20063,375
Humboldt Park         ,20064,400
Humboldt Park         ,20071,270
Humboldt Park         ,20072,272
Humboldt Park         ,20073,243
Humboldt Park         ,20074,180
Humboldt Park         ,20081,165
Humboldt Park         ,20082,133
Humboldt Park         ,20083,82
Humboldt Park         ,20084,69
Humboldt Park         ,20091,67
Humboldt Park         ,20092,75
Humboldt Park         ,20093,74
Humboldt Park         ,20094,63
Humboldt Park         ,20101,49
Humboldt Park         ,20102,49
Humboldt Park         ,20103,42
Humboldt Park         ,20104,50
Humboldt Park         ,20111,38
Humboldt Park         ,20112,31
Humboldt Park         ,20113,39
Humboldt Park         ,20114,45
Humboldt Park         ,20121,30
Humboldt Park         ,20122,55
Humboldt Park         ,20123,59
Humboldt Park         ,20124,51
Hyde Park             ,20051,55
Hyde Park             ,20052,58
Hyde Park             ,20053,71
Hyde Park             ,20054,61
Hyde Park             ,20061,58
Hyde Park             ,20062,63
Hyde Park             ,20063,62
Hyde Park             ,20064,68
Hyde Park             ,20071,52
Hyde Park             ,20072,44
Hyde Park             ,20073,49
Hyde Park             ,20074,30
Hyde Park             ,20081,45
Hyde Park             ,20082,49
Hyde Park             ,20083,24
Hyde Park             ,20084,44
Hyde Park             ,20091,71
Hyde Park             ,20092,69
Hyde Park             ,20093,46
Hyde Park             ,20094,39
Hyde Park             ,20101,39
Hyde Park             ,20102,44
Hyde Park             ,20103,64
Hyde Park             ,20104,83
Hyde Park             ,20111,42
Hyde Park             ,20112,46
Hyde Park             ,20113,55
Hyde Park             ,20114,85
Hyde Park             ,20121,57
Hyde Park             ,20122,58
Hyde Park             ,20123,76
Hyde Park             ,20124,56
Irving Park           ,20051,398
Irving Park           ,20052,511
Irving Park           ,20053,604
Irving Park           ,20054,477
Irving Park           ,20061,401
Irving Park           ,20062,444
Irving Park           ,20063,430
Irving Park           ,20064,399
Irving Park           ,20071,423
Irving Park           ,20072,374
Irving Park           ,20073,302
Irving Park           ,20074,266
Irving Park           ,20081,289
Irving Park           ,20082,256
Irving Park           ,20083,151
Irving Park           ,20084,129
Irving Park           ,20091,274
Irving Park           ,20092,267
Irving Park           ,20093,155
Irving Park           ,20094,162
Irving Park           ,20101,136
Irving Park           ,20102,141
Irving Park           ,20103,226
Irving Park           ,20104,264
Irving Park           ,20111,153
Irving Park           ,20112,147
Irving Park           ,20113,169
Irving Park           ,20114,230
Irving Park           ,20121,180
Irving Park           ,20122,196
Irving Park           ,20123,220
Irving Park           ,20124,245
Jefferson Park        ,20051,298
Jefferson Park        ,20052,391
Jefferson Park        ,20053,428
Jefferson Park        ,20054,390
Jefferson Park        ,20061,326
Jefferson Park        ,20062,353
Jefferson Park        ,20063,337
Jefferson Park        ,20064,322
Jefferson Park        ,20071,280
Jefferson Park        ,20072,315
Jefferson Park        ,20073,272
Jefferson Park        ,20074,254
Jefferson Park        ,20081,210
Jefferson Park        ,20082,192
Jefferson Park        ,20083,127
Jefferson Park        ,20084,117
Jefferson Park        ,20091,186
Jefferson Park        ,20092,235
Jefferson Park        ,20093,164
Jefferson Park        ,20094,119
Jefferson Park        ,20101,114
Jefferson Park        ,20102,138
Jefferson Park        ,20103,160
Jefferson Park        ,20104,173
Jefferson Park        ,20111,127
Jefferson Park        ,20112,95
Jefferson Park        ,20113,143
Jefferson Park        ,20114,171
Jefferson Park        ,20121,144
Jefferson Park        ,20122,156
Jefferson Park        ,20123,211
Jefferson Park        ,20124,189
Kenwood               ,20051,80
Kenwood               ,20052,95
Kenwood               ,20053,102
Kenwood               ,20054,103
Kenwood               ,20061,74
Kenwood               ,20062,84
Kenwood               ,20063,82
Kenwood               ,20064,73
Kenwood               ,20071,76
Kenwood               ,20072,79
Kenwood               ,20073,61
Kenwood               ,20074,46
Kenwood               ,20081,49
Kenwood               ,20082,59
Kenwood               ,20083,34
Kenwood               ,20084,23
Kenwood               ,20091,66
Kenwood               ,20092,42
Kenwood               ,20093,48
Kenwood               ,20094,42
Kenwood               ,20101,35
Kenwood               ,20102,32
Kenwood               ,20103,39
Kenwood               ,20104,53
Kenwood               ,20111,38
Kenwood               ,20112,25
Kenwood               ,20113,40
Kenwood               ,20114,52
Kenwood               ,20121,37
Kenwood               ,20122,36
Kenwood               ,20123,47
Kenwood               ,20124,42
Lakeview              ,20051,291
Lakeview              ,20052,323
Lakeview              ,20053,327
Lakeview              ,20054,212
Lakeview              ,20061,221
Lakeview              ,20062,273
Lakeview              ,20063,213
Lakeview              ,20064,202
Lakeview              ,20071,197
Lakeview              ,20072,249
Lakeview              ,20073,202
Lakeview              ,20074,144
Lakeview              ,20081,223
Lakeview              ,20082,221
Lakeview              ,20083,126
Lakeview              ,20084,105
Lakeview              ,20091,275
Lakeview              ,20092,243
Lakeview              ,20093,175
Lakeview              ,20094,163
Lakeview              ,20101,135
Lakeview              ,20102,190
Lakeview              ,20103,282
Lakeview              ,20104,281
Lakeview              ,20111,168
Lakeview              ,20112,151
Lakeview              ,20113,218
Lakeview              ,20114,271
Lakeview              ,20121,220
Lakeview              ,20122,235
Lakeview              ,20123,296
Lakeview              ,20124,295
Lincoln Park          ,20051,270
Lincoln Park          ,20052,367
Lincoln Park          ,20053,331
Lincoln Park          ,20054,278
Lincoln Park          ,20061,278
Lincoln Park          ,20062,318
Lincoln Park          ,20063,305
Lincoln Park          ,20064,282
Lincoln Park          ,20071,287
Lincoln Park          ,20072,289
Lincoln Park          ,20073,259
Lincoln Park          ,20074,201
Lincoln Park          ,20081,364
Lincoln Park          ,20082,270
Lincoln Park          ,20083,211
Lincoln Park          ,20084,140
Lincoln Park          ,20091,271
Lincoln Park          ,20092,353
Lincoln Park          ,20093,232
Lincoln Park          ,20094,247
Lincoln Park          ,20101,212
Lincoln Park          ,20102,197
Lincoln Park          ,20103,279
Lincoln Park          ,20104,353
Lincoln Park          ,20111,200
Lincoln Park          ,20112,186
Lincoln Park          ,20113,248
Lincoln Park          ,20114,322
Lincoln Park          ,20121,211
Lincoln Park          ,20122,262
Lincoln Park          ,20123,328
Lincoln Park          ,20124,293
Lincoln Square        ,20051,171
Lincoln Square        ,20052,188
Lincoln Square        ,20053,200
Lincoln Square        ,20054,166
Lincoln Square        ,20061,178
Lincoln Square        ,20062,167
Lincoln Square        ,20063,160
Lincoln Square        ,20064,164
Lincoln Square        ,20071,149
Lincoln Square        ,20072,177
Lincoln Square        ,20073,157
Lincoln Square        ,20074,109
Lincoln Square        ,20081,167
Lincoln Square        ,20082,145
Lincoln Square        ,20083,111
Lincoln Square        ,20084,84
Lincoln Square        ,20091,151
Lincoln Square        ,20092,205
Lincoln Square        ,20093,122
Lincoln Square        ,20094,115
Lincoln Square        ,20101,83
Lincoln Square        ,20102,103
Lincoln Square        ,20103,138
Lincoln Square        ,20104,167
Lincoln Square        ,20111,91
Lincoln Square        ,20112,80
Lincoln Square        ,20113,117
Lincoln Square        ,20114,148
Lincoln Square        ,20121,140
Lincoln Square        ,20122,121
Lincoln Square        ,20123,171
Lincoln Square        ,20124,150
Logan Square          ,20051,333
Logan Square          ,20052,443
Logan Square          ,20053,444
Logan Square          ,20054,395
Logan Square          ,20061,331
Logan Square          ,20062,393
Logan Square          ,20063,349
Logan Square          ,20064,360
Logan Square          ,20071,312
Logan Square          ,20072,336
Logan Square          ,20073,224
Logan Square          ,20074,235
Logan Square          ,20081,304
Logan Square          ,20082,246
Logan Square          ,20083,174
Logan Square          ,20084,114
Logan Square          ,20091,237
Logan Square          ,20092,224
Logan Square          ,20093,158
Logan Square          ,20094,155
Logan Square          ,20101,137
Logan Square          ,20102,136
Logan Square          ,20103,193
Logan Square          ,20104,212
Logan Square          ,20111,145
Logan Square          ,20112,125
Logan Square          ,20113,185
Logan Square          ,20114,212
Logan Square          ,20121,162
Logan Square          ,20122,214
Logan Square          ,20123,227
Logan Square          ,20124,241
Loop                  ,20051,4
Loop                  ,20053,2
Loop                  ,20054,4
Loop                  ,20061,2
Loop                  ,20062,4
Loop                  ,20071,2
Loop                  ,20073,2
Loop                  ,20074,2
Loop                  ,20081,2
Loop                  ,20083,1
Loop                  ,20091,7
Loop                  ,20092,1
Loop                  ,20094,1
Loop                  ,20101,9
Loop                  ,20102,22
Loop                  ,20103,16
Loop                  ,20104,6
Loop                  ,20111,2
Loop                  ,20112,5
Loop                  ,20113,4
Loop                  ,20114,1
Loop                  ,20122,4
Loop                  ,20124,4
Lower West Side       ,20051,62
Lower West Side       ,20052,62
Lower West Side       ,20053,86
Lower West Side       ,20054,55
Lower West Side       ,20061,52
Lower West Side       ,20062,64
Lower West Side       ,20063,69
Lower West Side       ,20064,76
Lower West Side       ,20071,59
Lower West Side       ,20072,51
Lower West Side       ,20073,45
Lower West Side       ,20074,28
Lower West Side       ,20081,37
Lower West Side       ,20082,30
Lower West Side       ,20083,19
Lower West Side       ,20084,22
Lower West Side       ,20091,15
Lower West Side       ,20092,21
Lower West Side       ,20093,12
Lower West Side       ,20094,23
Lower West Side       ,20101,10
Lower West Side       ,20102,21
Lower West Side       ,20103,9
Lower West Side       ,20104,14
Lower West Side       ,20111,14
Lower West Side       ,20112,8
Lower West Side       ,20113,10
Lower West Side       ,20114,7
Lower West Side       ,20121,14
Lower West Side       ,20122,21
Lower West Side       ,20123,15
Lower West Side       ,20124,17
McKinley Park         ,20051,130
McKinley Park         ,20052,151
McKinley Park         ,20053,124
McKinley Park         ,20054,131
McKinley Park         ,20061,107
McKinley Park         ,20062,103
McKinley Park         ,20063,114
McKinley Park         ,20064,95
McKinley Park         ,20071,86
McKinley Park         ,20072,101
McKinley Park         ,20073,79
McKinley Park         ,20074,66
McKinley Park         ,20081,80
McKinley Park         ,20082,70
McKinley Park         ,20083,42
McKinley Park         ,20084,33
McKinley Park         ,20091,46
McKinley Park         ,20092,50
McKinley Park         ,20093,41
McKinley Park         ,20094,46
McKinley Park         ,20101,32
McKinley Park         ,20102,48
McKinley Park         ,20103,42
McKinley Park         ,20104,59
McKinley Park         ,20111,34
McKinley Park         ,20112,27
McKinley Park         ,20113,34
McKinley Park         ,20114,40
McKinley Park         ,20121,24
McKinley Park         ,20122,45
McKinley Park         ,20123,43
McKinley Park         ,20124,41
Montclare             ,20051,187
Montclare             ,20052,232
Montclare             ,20053,237
Montclare             ,20054,210
Montclare             ,20061,189
Montclare             ,20062,219
Montclare             ,20063,206
Montclare             ,20064,199
Montclare             ,20071,160
Montclare             ,20072,180
Montclare             ,20073,124
Montclare             ,20074,109
Montclare             ,20081,94
Montclare             ,20082,88
Montclare             ,20083,40
Montclare             ,20084,44
Montclare             ,20091,56
Montclare             ,20092,75
Montclare             ,20093,59
Montclare             ,20094,58
Montclare             ,20101,50
Montclare             ,20102,52
Montclare             ,20103,46
Montclare             ,20104,56
Montclare             ,20111,36
Montclare             ,20112,51
Montclare             ,20113,45
Montclare             ,20114,37
Montclare             ,20121,61
Montclare             ,20122,51
Montclare             ,20123,56
Montclare             ,20124,72
Morgan Park           ,20051,428
Morgan Park           ,20052,522
Morgan Park           ,20053,555
Morgan Park           ,20054,516
Morgan Park           ,20061,406
Morgan Park           ,20062,486
Morgan Park           ,20063,482
Morgan Park           ,20064,394
Morgan Park           ,20071,386
Morgan Park           ,20072,461
Morgan Park           ,20073,336
Morgan Park           ,20074,314
Morgan Park           ,20081,275
Morgan Park           ,20082,261
Morgan Park           ,20083,209
Morgan Park           ,20084,181
Morgan Park           ,20091,225
Morgan Park           ,20092,234
Morgan Park           ,20093,177
Morgan Park           ,20094,177
Morgan Park           ,20101,147
Morgan Park           ,20102,141
Morgan Park           ,20103,191
Morgan Park           ,20104,166
Morgan Park           ,20111,128
Morgan Park           ,20112,106
Morgan Park           ,20113,139
Morgan Park           ,20114,146
Morgan Park           ,20121,148
Morgan Park           ,20122,132
Morgan Park           ,20123,160
Morgan Park           ,20124,135
Mount Greenwood       ,20051,370
Mount Greenwood       ,20052,412
Mount Greenwood       ,20053,485
Mount Greenwood       ,20054,401
Mount Greenwood       ,20061,386
Mount Greenwood       ,20062,439
Mount Greenwood       ,20063,442
Mount Greenwood       ,20064,394
Mount Greenwood       ,20071,343
Mount Greenwood       ,20072,383
Mount Greenwood       ,20073,348
Mount Greenwood       ,20074,294
Mount Greenwood       ,20081,350
Mount Greenwood       ,20082,299
Mount Greenwood       ,20083,200
Mount Greenwood       ,20084,155
Mount Greenwood       ,20091,285
Mount Greenwood       ,20092,378
Mount Greenwood       ,20093,214
Mount Greenwood       ,20094,223
Mount Greenwood       ,20101,183
Mount Greenwood       ,20102,196
Mount Greenwood       ,20103,275
Mount Greenwood       ,20104,298
Mount Greenwood       ,20111,195
Mount Greenwood       ,20112,133
Mount Greenwood       ,20113,203
Mount Greenwood       ,20114,259
Mount Greenwood       ,20121,232
Mount Greenwood       ,20122,225
Mount Greenwood       ,20123,245
Mount Greenwood       ,20124,236
Near North Side       ,20051,68
Near North Side       ,20052,101
Near North Side       ,20053,99
Near North Side       ,20054,69
Near North Side       ,20061,58
Near North Side       ,20062,83
Near North Side       ,20063,72
Near North Side       ,20064,83
Near North Side       ,20071,83
Near North Side       ,20072,99
Near North Side       ,20073,69
Near North Side       ,20074,47
Near North Side       ,20081,102
Near North Side       ,20082,65
Near North Side       ,20083,60
Near North Side       ,20084,46
Near North Side       ,20091,78
Near North Side       ,20092,99
Near North Side       ,20093,72
Near North Side       ,20094,70
Near North Side       ,20101,42
Near North Side       ,20102,52
Near North Side       ,20103,73
Near North Side       ,20104,61
Near North Side       ,20111,61
Near North Side       ,20112,45
Near North Side       ,20113,61
Near North Side       ,20114,81
Near North Side       ,20121,49
Near North Side       ,20122,70
Near North Side       ,20123,66
Near North Side       ,20124,80
Near South Side       ,20051,87
Near South Side       ,20052,135
Near South Side       ,20053,137
Near South Side       ,20054,98
Near South Side       ,20061,62
Near South Side       ,20062,69
Near South Side       ,20063,68
Near South Side       ,20064,86
Near South Side       ,20071,73
Near South Side       ,20072,98
Near South Side       ,20073,76
Near South Side       ,20074,59
Near South Side       ,20081,112
Near South Side       ,20082,60
Near South Side       ,20083,48
Near South Side       ,20084,38
Near South Side       ,20091,85
Near South Side       ,20092,92
Near South Side       ,20093,58
Near South Side       ,20094,71
Near South Side       ,20101,44
Near South Side       ,20102,61
Near South Side       ,20103,92
Near South Side       ,20104,105
Near South Side       ,20111,49
Near South Side       ,20112,43
Near South Side       ,20113,62
Near South Side       ,20114,84
Near South Side       ,20121,68
Near South Side       ,20122,44
Near South Side       ,20123,72
Near South Side       ,20124,83
Near West Side        ,20051,110
Near West Side        ,20052,148
Near West Side        ,20053,157
Near West Side        ,20054,142
Near West Side        ,20061,114
Near West Side        ,20062,162
Near West Side        ,20063,198
Near West Side        ,20064,186
Near West Side        ,20071,179
Near West Side        ,20072,168
Near West Side        ,20073,139
Near West Side        ,20074,118
Near West Side        ,20081,162
Near West Side        ,20082,133
Near West Side        ,20083,100
Near West Side        ,20084,82
Near West Side        ,20091,129
Near West Side        ,20092,125
Near West Side        ,20093,64
Near West Side        ,20094,87
Near West Side        ,20101,49
Near West Side        ,20102,76
Near West Side        ,20103,121
Near West Side        ,20104,115
Near West Side        ,20111,88
Near West Side        ,20112,58
Near West Side        ,20113,105
Near West Side        ,20114,92
Near West Side        ,20121,79
Near West Side        ,20122,76
Near West Side        ,20123,117
Near West Side        ,20124,105
New City              ,20051,224
New City              ,20052,285
New City              ,20053,274
New City              ,20054,290
New City              ,20061,262
New City              ,20062,300
New City              ,20063,272
New City              ,20064,249
New City              ,20071,198
New City              ,20072,184
New City              ,20073,154
New City              ,20074,147
New City              ,20081,126
New City              ,20082,121
New City              ,20083,76
New City              ,20084,60
New City              ,20091,67
New City              ,20092,87
New City              ,20093,47
New City              ,20094,54
New City              ,20101,34
New City              ,20102,34
New City              ,20103,37
New City              ,20104,48
New City              ,20111,26
New City              ,20112,30
New City              ,20113,40
New City              ,20114,32
New City              ,20121,35
New City              ,20122,34
New City              ,20123,62
New City              ,20124,46
North Center          ,20051,252
North Center          ,20052,328
North Center          ,20053,356
North Center          ,20054,264
North Center          ,20061,228
North Center          ,20062,286
North Center          ,20063,268
North Center          ,20064,238
North Center          ,20071,233
North Center          ,20072,273
North Center          ,20073,209
North Center          ,20074,173
North Center          ,20081,278
North Center          ,20082,242
North Center          ,20083,192
North Center          ,20084,114
North Center          ,20091,284
North Center          ,20092,280
North Center          ,20093,187
North Center          ,20094,194
North Center          ,20101,141
North Center          ,20102,181
North Center          ,20103,307
North Center          ,20104,328
North Center          ,20111,170
North Center          ,20112,146
North Center          ,20113,237
North Center          ,20114,297
North Center          ,20121,225
North Center          ,20122,244
North Center          ,20123,311
North Center          ,20124,283
North Cook            ,20051,6618
North Cook            ,20052,8583
North Cook            ,20053,8636
North Cook            ,20054,7255
North Cook            ,20061,6430
North Cook            ,20062,7345
North Cook            ,20063,6695
North Cook            ,20064,6762
North Cook            ,20071,6310
North Cook            ,20072,6605
North Cook            ,20073,5313
North Cook            ,20074,4670
North Cook            ,20081,5629
North Cook            ,20082,5110
North Cook            ,20083,3194
North Cook            ,20084,2895
North Cook            ,20091,5175
North Cook            ,20092,6162
North Cook            ,20093,4146
North Cook            ,20094,4083
North Cook            ,20101,3283
North Cook            ,20102,3606
North Cook            ,20103,5257
North Cook            ,20104,6201
North Cook            ,20111,3436
North Cook            ,20112,3144
North Cook            ,20113,4277
North Cook            ,20114,5548
North Cook            ,20121,4664
North Cook            ,20122,4695
North Cook            ,20123,5853
North Cook            ,20124,5753
North Lawndale        ,20051,185
North Lawndale        ,20052,177
North Lawndale        ,20053,188
North Lawndale        ,20054,200
North Lawndale        ,20061,175
North Lawndale        ,20062,156
North Lawndale        ,20063,157
North Lawndale        ,20064,123
North Lawndale        ,20071,147
North Lawndale        ,20072,108
North Lawndale        ,20073,100
North Lawndale        ,20074,87
North Lawndale        ,20081,65
North Lawndale        ,20082,47
North Lawndale        ,20083,54
North Lawndale        ,20084,39
North Lawndale        ,20091,16
North Lawndale        ,20092,33
North Lawndale        ,20093,30
North Lawndale        ,20094,20
North Lawndale        ,20101,10
North Lawndale        ,20102,2
North Lawndale        ,20103,6
North Lawndale        ,20104,13
North Lawndale        ,20111,17
North Lawndale        ,20112,6
North Lawndale        ,20113,19
North Lawndale        ,20114,6
North Lawndale        ,20121,9
North Lawndale        ,20122,8
North Lawndale        ,20123,6
North Lawndale        ,20124,11
North Park            ,20051,140
North Park            ,20052,187
North Park            ,20053,203
North Park            ,20054,162
North Park            ,20061,143
North Park            ,20062,192
North Park            ,20063,167
North Park            ,20064,149
North Park            ,20071,135
North Park            ,20072,137
North Park            ,20073,123
North Park            ,20074,108
North Park            ,20081,129
North Park            ,20082,119
North Park            ,20083,47
North Park            ,20084,48
North Park            ,20091,103
North Park            ,20092,98
North Park            ,20093,86
North Park            ,20094,71
North Park            ,20101,71
North Park            ,20102,65
North Park            ,20103,85
North Park            ,20104,117
North Park            ,20111,86
North Park            ,20112,71
North Park            ,20113,77
North Park            ,20114,96
North Park            ,20121,86
North Park            ,20122,89
North Park            ,20123,106
North Park            ,20124,114
Northwest Cook        ,20051,9555
Northwest Cook        ,20052,12626
Northwest Cook        ,20053,12890
Northwest Cook        ,20054,10843
Northwest Cook        ,20061,9261
Northwest Cook        ,20062,10761
Northwest Cook        ,20063,10291
Northwest Cook        ,20064,9703
Northwest Cook        ,20071,8679
Northwest Cook        ,20072,9278
Northwest Cook        ,20073,7423
Northwest Cook        ,20074,6634
Northwest Cook        ,20081,7828
Northwest Cook        ,20082,6585
Northwest Cook        ,20083,4029
Northwest Cook        ,20084,3504
Northwest Cook        ,20091,6615
Northwest Cook        ,20092,7850
Northwest Cook        ,20093,5170
Northwest Cook        ,20094,5317
Northwest Cook        ,20101,4240
Northwest Cook        ,20102,4545
Northwest Cook        ,20103,6264
Northwest Cook        ,20104,7396
Northwest Cook        ,20111,4273
Northwest Cook        ,20112,3639
Northwest Cook        ,20113,4653
Northwest Cook        ,20114,5837
Northwest Cook        ,20121,5119
Northwest Cook        ,20122,5343
Northwest Cook        ,20123,6434
Northwest Cook        ,20124,6468
Norwood Park          ,20051,611
Norwood Park          ,20052,813
Norwood Park          ,20053,833
Norwood Park          ,20054,706
Norwood Park          ,20061,683
Norwood Park          ,20062,660
Norwood Park          ,20063,685
Norwood Park          ,20064,629
Norwood Park          ,20071,561
Norwood Park          ,20072,648
Norwood Park          ,20073,477
Norwood Park          ,20074,462
Norwood Park          ,20081,537
Norwood Park          ,20082,454
Norwood Park          ,20083,219
Norwood Park          ,20084,256
Norwood Park          ,20091,497
Norwood Park          ,20092,569
Norwood Park          ,20093,362
Norwood Park          ,20094,375
Norwood Park          ,20101,288
Norwood Park          ,20102,317
Norwood Park          ,20103,434
Norwood Park          ,20104,485
Norwood Park          ,20111,281
Norwood Park          ,20112,274
Norwood Park          ,20113,339
Norwood Park          ,20114,420
Norwood Park          ,20121,352
Norwood Park          ,20122,367
Norwood Park          ,20123,439
Norwood Park          ,20124,491
O'Hare                ,20051,27
O'Hare                ,20052,40
O'Hare                ,20053,37
O'Hare                ,20054,35
O'Hare                ,20061,28
O'Hare                ,20062,30
O'Hare                ,20063,31
O'Hare                ,20064,29
O'Hare                ,20071,28
O'Hare                ,20072,23
O'Hare                ,20073,24
O'Hare                ,20074,15
O'Hare                ,20081,28
O'Hare                ,20082,19
O'Hare                ,20083,8
O'Hare                ,20084,20
O'Hare                ,20091,17
O'Hare                ,20092,30
O'Hare                ,20093,14
O'Hare                ,20094,21
O'Hare                ,20101,15
O'Hare                ,20102,12
O'Hare                ,20103,19
O'Hare                ,20104,26
O'Hare                ,20111,13
O'Hare                ,20112,12
O'Hare                ,20113,19
O'Hare                ,20114,15
O'Hare                ,20121,18
O'Hare                ,20122,13
O'Hare                ,20123,25
O'Hare                ,20124,26
Oakland               ,20051,16
Oakland               ,20052,29
Oakland               ,20053,47
Oakland               ,20054,41
Oakland               ,20061,17
Oakland               ,20062,24
Oakland               ,20063,41
Oakland               ,20064,41
Oakland               ,20071,32
Oakland               ,20072,30
Oakland               ,20073,30
Oakland               ,20074,25
Oakland               ,20081,14
Oakland               ,20082,15
Oakland               ,20083,9
Oakland               ,20084,5
Oakland               ,20091,19
Oakland               ,20092,13
Oakland               ,20093,9
Oakland               ,20094,8
Oakland               ,20101,7
Oakland               ,20102,10
Oakland               ,20103,11
Oakland               ,20104,11
Oakland               ,20111,10
Oakland               ,20112,9
Oakland               ,20113,11
Oakland               ,20114,7
Oakland               ,20121,9
Oakland               ,20122,5
Oakland               ,20123,8
Oakland               ,20124,9
Portage Park          ,20051,696
Portage Park          ,20052,897
Portage Park          ,20053,893
Portage Park          ,20054,886
Portage Park          ,20061,696
Portage Park          ,20062,810
Portage Park          ,20063,731
Portage Park          ,20064,725
Portage Park          ,20071,647
Portage Park          ,20072,623
Portage Park          ,20073,523
Portage Park          ,20074,433
Portage Park          ,20081,443
Portage Park          ,20082,407
Portage Park          ,20083,203
Portage Park          ,20084,235
Portage Park          ,20091,283
Portage Park          ,20092,368
Portage Park          ,20093,262
Portage Park          ,20094,271
Portage Park          ,20101,226
Portage Park          ,20102,245
Portage Park          ,20103,264
Portage Park          ,20104,279
Portage Park          ,20111,210
Portage Park          ,20112,201
Portage Park          ,20113,215
Portage Park          ,20114,262
Portage Park          ,20121,244
Portage Park          ,20122,266
Portage Park          ,20123,322
Portage Park          ,20124,364
Pullman               ,20051,96
Pullman               ,20052,124
Pullman               ,20053,141
Pullman               ,20054,117
Pullman               ,20061,101
Pullman               ,20062,114
Pullman               ,20063,103
Pullman               ,20064,77
Pullman               ,20071,105
Pullman               ,20072,106
Pullman               ,20073,68
Pullman               ,20074,77
Pullman               ,20081,42
Pullman               ,20082,53
Pullman               ,20083,24
Pullman               ,20084,26
Pullman               ,20091,38
Pullman               ,20092,30
Pullman               ,20093,22
Pullman               ,20094,29
Pullman               ,20101,19
Pullman               ,20102,20
Pullman               ,20103,18
Pullman               ,20104,21
Pullman               ,20111,13
Pullman               ,20112,17
Pullman               ,20113,13
Pullman               ,20114,14
Pullman               ,20121,13
Pullman               ,20122,19
Pullman               ,20123,30
Pullman               ,20124,19
Riverdale             ,20051,19
Riverdale             ,20052,32
Riverdale             ,20053,26
Riverdale             ,20054,18
Riverdale             ,20061,21
Riverdale             ,20062,27
Riverdale             ,20063,25
Riverdale             ,20064,32
Riverdale             ,20071,24
Riverdale             ,20072,17
Riverdale             ,20073,22
Riverdale             ,20074,19
Riverdale             ,20081,4
Riverdale             ,20082,5
Riverdale             ,20083,11
Riverdale             ,20084,1
Riverdale             ,20091,4
Riverdale             ,20092,3
Riverdale             ,20093,5
Riverdale             ,20094,2
Riverdale             ,20101,4
Riverdale             ,20102,4
Riverdale             ,20112,2
Riverdale             ,20113,1
Riverdale             ,20121,1
Riverdale             ,20123,1
Riverdale             ,20124,2
Rogers Park           ,20051,114
Rogers Park           ,20052,138
Rogers Park           ,20053,138
Rogers Park           ,20054,128
Rogers Park           ,20061,104
Rogers Park           ,20062,91
Rogers Park           ,20063,116
Rogers Park           ,20064,86
Rogers Park           ,20071,68
Rogers Park           ,20072,102
Rogers Park           ,20073,59
Rogers Park           ,20074,58
Rogers Park           ,20081,62
Rogers Park           ,20082,59
Rogers Park           ,20083,34
Rogers Park           ,20084,43
Rogers Park           ,20091,96
Rogers Park           ,20092,69
Rogers Park           ,20093,45
Rogers Park           ,20094,51
Rogers Park           ,20101,42
Rogers Park           ,20102,43
Rogers Park           ,20103,50
Rogers Park           ,20104,67
Rogers Park           ,20111,49
Rogers Park           ,20112,39
Rogers Park           ,20113,45
Rogers Park           ,20114,47
Rogers Park           ,20121,47
Rogers Park           ,20122,37
Rogers Park           ,20123,50
Rogers Park           ,20124,61
Roseland              ,20051,694
Roseland              ,20052,861
Roseland              ,20053,859
Roseland              ,20054,789
Roseland              ,20061,743
Roseland              ,20062,731
Roseland              ,20063,787
Roseland              ,20064,603
Roseland              ,20071,558
Roseland              ,20072,635
Roseland              ,20073,521
Roseland              ,20074,421
Roseland              ,20081,366
Roseland              ,20082,391
Roseland              ,20083,263
Roseland              ,20084,212
Roseland              ,20091,216
Roseland              ,20092,226
Roseland              ,20093,160
Roseland              ,20094,169
Roseland              ,20101,111
Roseland              ,20102,112
Roseland              ,20103,115
Roseland              ,20104,118
Roseland              ,20111,123
Roseland              ,20112,108
Roseland              ,20113,119
Roseland              ,20114,117
Roseland              ,20121,89
Roseland              ,20122,115
Roseland              ,20123,133
Roseland              ,20124,121
South Chicago         ,20051,280
South Chicago         ,20052,310
South Chicago         ,20053,284
South Chicago         ,20054,289
South Chicago         ,20061,274
South Chicago         ,20062,309
South Chicago         ,20063,305
South Chicago         ,20064,286
South Chicago         ,20071,229
South Chicago         ,20072,204
South Chicago         ,20073,200
South Chicago         ,20074,154
South Chicago         ,20081,122
South Chicago         ,20082,97
South Chicago         ,20083,91
South Chicago         ,20084,96
South Chicago         ,20091,80
South Chicago         ,20092,72
South Chicago         ,20093,61
South Chicago         ,20094,73
South Chicago         ,20101,43
South Chicago         ,20102,55
South Chicago         ,20103,37
South Chicago         ,20104,64
South Chicago         ,20111,37
South Chicago         ,20112,25
South Chicago         ,20113,62
South Chicago         ,20114,33
South Chicago         ,20121,24
South Chicago         ,20122,37
South Chicago         ,20123,40
South Chicago         ,20124,35
South Cook            ,20051,7123
South Cook            ,20052,8402
South Cook            ,20053,9040
South Cook            ,20054,8580
South Cook            ,20061,7132
South Cook            ,20062,8401
South Cook            ,20063,8215
South Cook            ,20064,7826
South Cook            ,20071,6143
South Cook            ,20072,6351
South Cook            ,20073,5096
South Cook            ,20074,4817
South Cook            ,20081,3979
South Cook            ,20082,3722
South Cook            ,20083,2589
South Cook            ,20084,2110
South Cook            ,20091,2305
South Cook            ,20092,2574
South Cook            ,20093,2207
South Cook            ,20094,2090
South Cook            ,20101,1388
South Cook            ,20102,1664
South Cook            ,20103,1562
South Cook            ,20104,1648
South Cook            ,20111,1375
South Cook            ,20112,1333
South Cook            ,20113,1410
South Cook            ,20114,1430
South Cook            ,20121,1476
South Cook            ,20122,1813
South Cook            ,20123,2040
South Cook            ,20124,2135
South Deering         ,20051,200
South Deering         ,20052,248
South Deering         ,20053,232
South Deering         ,20054,255
South Deering         ,20061,285
South Deering         ,20062,230
South Deering         ,20063,237
South Deering         ,20064,243
South Deering         ,20071,175
South Deering         ,20072,199
South Deering         ,20073,148
South Deering         ,20074,130
South Deering         ,20081,106
South Deering         ,20082,106
South Deering         ,20083,86
South Deering         ,20084,89
South Deering         ,20091,75
South Deering         ,20092,74
South Deering         ,20093,59
South Deering         ,20094,53
South Deering         ,20101,56
South Deering         ,20102,38
South Deering         ,20103,38
South Deering         ,20104,37
South Deering         ,20111,30
South Deering         ,20112,21
South Deering         ,20113,32
South Deering         ,20114,27
South Deering         ,20121,25
South Deering         ,20122,36
South Deering         ,20123,34
South Deering         ,20124,38
South Lawndale        ,20051,245
South Lawndale        ,20052,206
South Lawndale        ,20053,242
South Lawndale        ,20054,263
South Lawndale        ,20061,184
South Lawndale        ,20062,202
South Lawndale        ,20063,217
South Lawndale        ,20064,183
South Lawndale        ,20071,164
South Lawndale        ,20072,179
South Lawndale        ,20073,158
South Lawndale        ,20074,116
South Lawndale        ,20081,95
South Lawndale        ,20082,74
South Lawndale        ,20083,42
South Lawndale        ,20084,42
South Lawndale        ,20091,31
South Lawndale        ,20092,32
South Lawndale        ,20093,34
South Lawndale        ,20094,37
South Lawndale        ,20101,22
South Lawndale        ,20102,19
South Lawndale        ,20103,26
South Lawndale        ,20104,24
South Lawndale        ,20111,25
South Lawndale        ,20112,19
South Lawndale        ,20113,14
South Lawndale        ,20114,12
South Lawndale        ,20121,31
South Lawndale        ,20122,31
South Lawndale        ,20123,32
South Lawndale        ,20124,24
South Shore           ,20051,250
South Shore           ,20052,265
South Shore           ,20053,305
South Shore           ,20054,266
South Shore           ,20061,273
South Shore           ,20062,317
South Shore           ,20063,296
South Shore           ,20064,260
South Shore           ,20071,204
South Shore           ,20072,248
South Shore           ,20073,166
South Shore           ,20074,171
South Shore           ,20081,143
South Shore           ,20082,105
South Shore           ,20083,108
South Shore           ,20084,91
South Shore           ,20091,71
South Shore           ,20092,96
South Shore           ,20093,82
South Shore           ,20094,50
South Shore           ,20101,51
South Shore           ,20102,54
South Shore           ,20103,51
South Shore           ,20104,73
South Shore           ,20111,38
South Shore           ,20112,46
South Shore           ,20113,48
South Shore           ,20114,47
South Shore           ,20121,45
South Shore           ,20122,47
South Shore           ,20123,69
South Shore           ,20124,41
Southwest Cook        ,20051,6921
Southwest Cook        ,20052,8944
Southwest Cook        ,20053,9412
Southwest Cook        ,20054,8145
Southwest Cook        ,20061,7048
Southwest Cook        ,20062,8077
Southwest Cook        ,20063,7604
Southwest Cook        ,20064,7379
Southwest Cook        ,20071,6519
Southwest Cook        ,20072,7018
Southwest Cook        ,20073,5590
Southwest Cook        ,20074,4880
Southwest Cook        ,20081,5244
Southwest Cook        ,20082,4815
Southwest Cook        ,20083,3051
Southwest Cook        ,20084,2672
Southwest Cook        ,20091,4478
Southwest Cook        ,20092,5047
Southwest Cook        ,20093,3532
Southwest Cook        ,20094,3565
Southwest Cook        ,20101,2748
Southwest Cook        ,20102,3099
Southwest Cook        ,20103,3688
Southwest Cook        ,20104,4451
Southwest Cook        ,20111,2883
Southwest Cook        ,20112,2453
Southwest Cook        ,20113,2999
Southwest Cook        ,20114,3639
Southwest Cook        ,20121,3278
Southwest Cook        ,20122,3408
Southwest Cook        ,20123,3869
Southwest Cook        ,20124,4053
Uptown                ,20051,58
Uptown                ,20052,82
Uptown                ,20053,86
Uptown                ,20054,63
Uptown                ,20061,50
Uptown                ,20062,68
Uptown                ,20063,57
Uptown                ,20064,69
Uptown                ,20071,66
Uptown                ,20072,65
Uptown                ,20073,43
Uptown                ,20074,37
Uptown                ,20081,53
Uptown                ,20082,52
Uptown                ,20083,38
Uptown                ,20084,27
Uptown                ,20091,64
Uptown                ,20092,43
Uptown                ,20093,41
Uptown                ,20094,43
Uptown                ,20101,33
Uptown                ,20102,38
Uptown                ,20103,53
Uptown                ,20104,69
Uptown                ,20111,26
Uptown                ,20112,29
Uptown                ,20113,53
Uptown                ,20114,56
Uptown                ,20121,57
Uptown                ,20122,41
Uptown                ,20123,71
Uptown                ,20124,49
Washingon Park        ,20051,12
Washingon Park        ,20052,17
Washingon Park        ,20053,9
Washingon Park        ,20054,8
Washingon Park        ,20061,10
Washingon Park        ,20062,13
Washingon Park        ,20063,14
Washingon Park        ,20064,9
Washingon Park        ,20071,8
Washingon Park        ,20072,11
Washingon Park        ,20073,9
Washingon Park        ,20074,9
Washingon Park        ,20081,7
Washingon Park        ,20082,8
Washingon Park        ,20083,4
Washingon Park        ,20084,6
Washingon Park        ,20091,4
Washingon Park        ,20092,1
Washingon Park        ,20093,2
Washingon Park        ,20094,1
Washingon Park        ,20101,2
Washingon Park        ,20102,1
Washingon Park        ,20103,1
Washingon Park        ,20104,1
Washingon Park        ,20111,1
Washingon Park        ,20112,2
Washingon Park        ,20114,1
Washingon Park        ,20121,2
Washingon Park        ,20122,1
Washingon Park        ,20123,1
Washingon Park        ,20124,1
Washington Heights    ,20051,477
Washington Heights    ,20052,507
Washington Heights    ,20053,529
Washington Heights    ,20054,529
Washington Heights    ,20061,458
Washington Heights    ,20062,581
Washington Heights    ,20063,513
Washington Heights    ,20064,405
Washington Heights    ,20071,422
Washington Heights    ,20072,465
Washington Heights    ,20073,345
Washington Heights    ,20074,343
Washington Heights    ,20081,305
Washington Heights    ,20082,250
Washington Heights    ,20083,220
Washington Heights    ,20084,219
Washington Heights    ,20091,150
Washington Heights    ,20092,173
Washington Heights    ,20093,175
Washington Heights    ,20094,136
Washington Heights    ,20101,101
Washington Heights    ,20102,132
Washington Heights    ,20103,95
Washington Heights    ,20104,103
Washington Heights    ,20111,89
Washington Heights    ,20112,111
Washington Heights    ,20113,87
Washington Heights    ,20114,94
Washington Heights    ,20121,94
Washington Heights    ,20122,94
Washington Heights    ,20123,99
Washington Heights    ,20124,134
West Cook             ,20051,8146
West Cook             ,20052,10438
West Cook             ,20053,10613
West Cook             ,20054,9550
West Cook             ,20061,7722
West Cook             ,20062,9206
West Cook             ,20063,8809
West Cook             ,20064,8462
West Cook             ,20071,7226
West Cook             ,20072,7677
West Cook             ,20073,6129
West Cook             ,20074,5262
West Cook             ,20081,5609
West Cook             ,20082,4698
West Cook             ,20083,3036
West Cook             ,20084,2745
West Cook             ,20091,4253
West Cook             ,20092,4954
West Cook             ,20093,3613
West Cook             ,20094,3493
West Cook             ,20101,2852
West Cook             ,20102,3118
West Cook             ,20103,3853
West Cook             ,20104,4427
West Cook             ,20111,2875
West Cook             ,20112,2642
West Cook             ,20113,3129
West Cook             ,20114,3878
West Cook             ,20121,3410
West Cook             ,20122,3901
West Cook             ,20123,4470
West Cook             ,20124,4487
West Elsdon           ,20051,264
West Elsdon           ,20052,332
West Elsdon           ,20053,335
West Elsdon           ,20054,319
West Elsdon           ,20061,253
West Elsdon           ,20062,297
West Elsdon           ,20063,268
West Elsdon           ,20064,226
West Elsdon           ,20071,233
West Elsdon           ,20072,226
West Elsdon           ,20073,182
West Elsdon           ,20074,155
West Elsdon           ,20081,138
West Elsdon           ,20082,104
West Elsdon           ,20083,74
West Elsdon           ,20084,58
West Elsdon           ,20091,64
West Elsdon           ,20092,78
West Elsdon           ,20093,67
West Elsdon           ,20094,73
West Elsdon           ,20101,43
West Elsdon           ,20102,71
West Elsdon           ,20103,45
West Elsdon           ,20104,61
West Elsdon           ,20111,47
West Elsdon           ,20112,60
West Elsdon           ,20113,46
West Elsdon           ,20114,61
West Elsdon           ,20121,64
West Elsdon           ,20122,85
West Elsdon           ,20123,71
West Elsdon           ,20124,78
West Englewood        ,20051,510
West Englewood        ,20052,551
West Englewood        ,20053,555
West Englewood        ,20054,566
West Englewood        ,20061,469
West Englewood        ,20062,528
West Englewood        ,20063,490
West Englewood        ,20064,368
West Englewood        ,20071,354
West Englewood        ,20072,421
West Englewood        ,20073,290
West Englewood        ,20074,241
West Englewood        ,20081,206
West Englewood        ,20082,156
West Englewood        ,20083,163
West Englewood        ,20084,107
West Englewood        ,20091,79
West Englewood        ,20092,85
West Englewood        ,20093,90
West Englewood        ,20094,52
West Englewood        ,20101,40
West Englewood        ,20102,54
West Englewood        ,20103,35
West Englewood        ,20104,37
West Englewood        ,20111,29
West Englewood        ,20112,36
West Englewood        ,20113,34
West Englewood        ,20114,11
West Englewood        ,20121,33
West Englewood        ,20122,38
West Englewood        ,20123,30
West Englewood        ,20124,35
West Garfield         ,20051,28
West Garfield         ,20052,54
West Garfield         ,20053,58
West Garfield         ,20054,52
West Garfield         ,20061,50
West Garfield         ,20062,56
West Garfield         ,20063,52
West Garfield         ,20064,50
West Garfield         ,20071,29
West Garfield         ,20072,40
West Garfield         ,20073,29
West Garfield         ,20074,40
West Garfield         ,20081,28
West Garfield         ,20082,17
West Garfield         ,20083,9
West Garfield         ,20084,19
West Garfield         ,20091,12
West Garfield         ,20092,12
West Garfield         ,20093,21
West Garfield         ,20094,7
West Garfield         ,20101,4
West Garfield         ,20102,4
West Garfield         ,20103,5
West Garfield         ,20104,7
West Garfield         ,20111,1
West Garfield         ,20112,3
West Garfield         ,20113,6
West Garfield         ,20114,2
West Garfield         ,20121,7
West Garfield         ,20122,2
West Garfield         ,20123,8
West Garfield         ,20124,7
West Lawn             ,20051,598
West Lawn             ,20052,693
West Lawn             ,20053,673
West Lawn             ,20054,683
West Lawn             ,20061,509
West Lawn             ,20062,572
West Lawn             ,20063,513
West Lawn             ,20064,455
West Lawn             ,20071,419
West Lawn             ,20072,427
West Lawn             ,20073,295
West Lawn             ,20074,301
West Lawn             ,20081,254
West Lawn             ,20082,204
West Lawn             ,20083,144
West Lawn             ,20084,128
West Lawn             ,20091,132
West Lawn             ,20092,141
West Lawn             ,20093,144
West Lawn             ,20094,140
West Lawn             ,20101,92
West Lawn             ,20102,129
West Lawn             ,20103,102
West Lawn             ,20104,99
West Lawn             ,20111,90
West Lawn             ,20112,114
West Lawn             ,20113,107
West Lawn             ,20114,114
West Lawn             ,20121,113
West Lawn             ,20122,147
West Lawn             ,20123,132
West Lawn             ,20124,153
West Pullman          ,20051,525
West Pullman          ,20052,654
West Pullman          ,20053,614
West Pullman          ,20054,642
West Pullman          ,20061,519
West Pullman          ,20062,645
West Pullman          ,20063,549
West Pullman          ,20064,377
West Pullman          ,20071,455
West Pullman          ,20072,490
West Pullman          ,20073,417
West Pullman          ,20074,335
West Pullman          ,20081,319
West Pullman          ,20082,232
West Pullman          ,20083,184
West Pullman          ,20084,155
West Pullman          ,20091,150
West Pullman          ,20092,149
West Pullman          ,20093,129
West Pullman          ,20094,118
West Pullman          ,20101,88
West Pullman          ,20102,110
West Pullman          ,20103,80
West Pullman          ,20104,92
West Pullman          ,20111,73
West Pullman          ,20112,75
West Pullman          ,20113,72
West Pullman          ,20114,52
West Pullman          ,20121,68
West Pullman          ,20122,69
West Pullman          ,20123,78
West Pullman          ,20124,72
West Ridge            ,20051,368
West Ridge            ,20052,484
West Ridge            ,20053,469
West Ridge            ,20054,435
West Ridge            ,20061,361
West Ridge            ,20062,404
West Ridge            ,20063,384
West Ridge            ,20064,349
West Ridge            ,20071,357
West Ridge            ,20072,342
West Ridge            ,20073,282
West Ridge            ,20074,267
West Ridge            ,20081,305
West Ridge            ,20082,251
West Ridge            ,20083,148
West Ridge            ,20084,127
West Ridge            ,20091,272
West Ridge            ,20092,294
West Ridge            ,20093,188
West Ridge            ,20094,200
West Ridge            ,20101,147
West Ridge            ,20102,190
West Ridge            ,20103,248
West Ridge            ,20104,284
West Ridge            ,20111,145
West Ridge            ,20112,127
West Ridge            ,20113,212
West Ridge            ,20114,243
West Ridge            ,20121,196
West Ridge            ,20122,186
West Ridge            ,20123,261
West Ridge            ,20124,252
West Town             ,20051,324
West Town             ,20052,416
West Town             ,20053,394
West Town             ,20054,364
West Town             ,20061,342
West Town             ,20062,397
West Town             ,20063,389
West Town             ,20064,353
West Town             ,20071,289
West Town             ,20072,365
West Town             ,20073,239
West Town             ,20074,197
West Town             ,20081,327
West Town             ,20082,223
West Town             ,20083,156
West Town             ,20084,152
West Town             ,20091,261
West Town             ,20092,253
West Town             ,20093,172
West Town             ,20094,192
West Town             ,20101,140
West Town             ,20102,150
West Town             ,20103,233
West Town             ,20104,280
West Town             ,20111,145
West Town             ,20112,130
West Town             ,20113,195
West Town             ,20114,223
West Town             ,20121,181
West Town             ,20122,182
West Town             ,20123,242
West Town             ,20124,243
Woodlawn              ,20051,61
Woodlawn              ,20052,90
Woodlawn              ,20053,71
Woodlawn              ,20054,76
Woodlawn              ,20061,82
Woodlawn              ,20062,75
Woodlawn              ,20063,86
Woodlawn              ,20064,82
Woodlawn              ,20071,59
Woodlawn              ,20072,54
Woodlawn              ,20073,43
Woodlawn              ,20074,38
Woodlawn              ,20081,47
Woodlawn              ,20082,21
Woodlawn              ,20083,33
Woodlawn              ,20084,19
Woodlawn              ,20091,16
Woodlawn              ,20092,19
Woodlawn              ,20093,11
Woodlawn              ,20094,11
Woodlawn              ,20101,17
Woodlawn              ,20102,16
Woodlawn              ,20103,10
Woodlawn              ,20104,15
Woodlawn              ,20111,9
Woodlawn              ,20112,9
Woodlawn              ,20113,22
Woodlawn              ,20114,11
Woodlawn              ,20121,6
Woodlawn              ,20122,9
Woodlawn              ,20123,13
Woodlawn              ,20124,10
