"Albany Park           ",20051,3
"Albany Park           ",20052,6
"Albany Park           ",20053,8
"Albany Park           ",20054,14
"Albany Park           ",20061,10
"Albany Park           ",20062,13
"Albany Park           ",20063,15
"Albany Park           ",20064,17
"Albany Park           ",20071,28
"Albany Park           ",20072,22
"Albany Park           ",20073,59
"Albany Park           ",20074,49
"Albany Park           ",20081,51
"Albany Park           ",20082,63
"Albany Park           ",20083,42
"Albany Park           ",20084,95
"Albany Park           ",20091,101
"Albany Park           ",20092,43
"Albany Park           ",20093,117
"Albany Park           ",20094,92
"Albany Park           ",20101,97
"Albany Park           ",20102,101
"Albany Park           ",20103,105
"Albany Park           ",20104,80
"Albany Park           ",20111,76
"Albany Park           ",20112,60
"Albany Park           ",20113,69
"Albany Park           ",20114,54
"Albany Park           ",20121,61
"Albany Park           ",20122,68
"Albany Park           ",20123,66
"Albany Park           ",20124,34
"Archer Heights        ",20051,3
"Archer Heights        ",20052,7
"Archer Heights        ",20053,6
"Archer Heights        ",20054,5
"Archer Heights        ",20061,12
"Archer Heights        ",20062,3
"Archer Heights        ",20063,9
"Archer Heights        ",20064,9
"Archer Heights        ",20071,6
"Archer Heights        ",20072,7
"Archer Heights        ",20073,15
"Archer Heights        ",20074,16
"Archer Heights        ",20081,19
"Archer Heights        ",20082,23
"Archer Heights        ",20083,24
"Archer Heights        ",20084,37
"Archer Heights        ",20091,32
"Archer Heights        ",20092,18
"Archer Heights        ",20093,32
"Archer Heights        ",20094,29
"Archer Heights        ",20101,28
"Archer Heights        ",20102,39
"Archer Heights        ",20103,34
"Archer Heights        ",20104,33
"Archer Heights        ",20111,38
"Archer Heights        ",20112,17
"Archer Heights        ",20113,22
"Archer Heights        ",20114,21
"Archer Heights        ",20121,21
"Archer Heights        ",20122,26
"Archer Heights        ",20123,17
"Archer Heights        ",20124,16
"Armour Square         ",20051,1
"Armour Square         ",20053,3
"Armour Square         ",20054,3
"Armour Square         ",20061,1
"Armour Square         ",20064,4
"Armour Square         ",20071,2
"Armour Square         ",20072,1
"Armour Square         ",20074,4
"Armour Square         ",20081,1
"Armour Square         ",20082,1
"Armour Square         ",20083,3
"Armour Square         ",20084,4
"Armour Square         ",20091,2
"Armour Square         ",20092,3
"Armour Square         ",20093,3
"Armour Square         ",20094,1
"Armour Square         ",20101,8
"Armour Square         ",20102,6
"Armour Square         ",20103,4
"Armour Square         ",20104,8
"Armour Square         ",20111,3
"Armour Square         ",20112,4
"Armour Square         ",20113,3
"Armour Square         ",20114,6
"Armour Square         ",20121,5
"Armour Square         ",20122,6
"Armour Square         ",20123,17
"Armour Square         ",20124,2
"Ashburn               ",20051,67
"Ashburn               ",20052,47
"Ashburn               ",20053,60
"Ashburn               ",20054,73
"Ashburn               ",20061,56
"Ashburn               ",20062,60
"Ashburn               ",20063,84
"Ashburn               ",20064,79
"Ashburn               ",20071,92
"Ashburn               ",20072,77
"Ashburn               ",20073,99
"Ashburn               ",20074,96
"Ashburn               ",20081,116
"Ashburn               ",20082,126
"Ashburn               ",20083,146
"Ashburn               ",20084,150
"Ashburn               ",20091,146
"Ashburn               ",20092,63
"Ashburn               ",20093,177
"Ashburn               ",20094,166
"Ashburn               ",20101,166
"Ashburn               ",20102,158
"Ashburn               ",20103,155
"Ashburn               ",20104,155
"Ashburn               ",20111,140
"Ashburn               ",20112,119
"Ashburn               ",20113,109
"Ashburn               ",20114,137
"Ashburn               ",20121,135
"Ashburn               ",20122,171
"Ashburn               ",20123,171
"Ashburn               ",20124,118
"Auburn Gresham        ",20051,91
"Auburn Gresham        ",20052,64
"Auburn Gresham        ",20053,102
"Auburn Gresham        ",20054,109
"Auburn Gresham        ",20061,87
"Auburn Gresham        ",20062,79
"Auburn Gresham        ",20063,115
"Auburn Gresham        ",20064,118
"Auburn Gresham        ",20071,126
"Auburn Gresham        ",20072,111
"Auburn Gresham        ",20073,130
"Auburn Gresham        ",20074,171
"Auburn Gresham        ",20081,160
"Auburn Gresham        ",20082,129
"Auburn Gresham        ",20083,148
"Auburn Gresham        ",20084,172
"Auburn Gresham        ",20091,155
"Auburn Gresham        ",20092,67
"Auburn Gresham        ",20093,152
"Auburn Gresham        ",20094,138
"Auburn Gresham        ",20101,136
"Auburn Gresham        ",20102,145
"Auburn Gresham        ",20103,124
"Auburn Gresham        ",20104,117
"Auburn Gresham        ",20111,100
"Auburn Gresham        ",20112,109
"Auburn Gresham        ",20113,106
"Auburn Gresham        ",20114,118
"Auburn Gresham        ",20121,112
"Auburn Gresham        ",20122,129
"Auburn Gresham        ",20123,141
"Auburn Gresham        ",20124,112
"Austin                ",20051,155
"Austin                ",20052,126
"Austin                ",20053,128
"Austin                ",20054,144
"Austin                ",20061,160
"Austin                ",20062,162
"Austin                ",20063,181
"Austin                ",20064,201
"Austin                ",20071,200
"Austin                ",20072,198
"Austin                ",20073,252
"Austin                ",20074,331
"Austin                ",20081,314
"Austin                ",20082,242
"Austin                ",20083,272
"Austin                ",20084,293
"Austin                ",20091,316
"Austin                ",20092,125
"Austin                ",20093,243
"Austin                ",20094,270
"Austin                ",20101,244
"Austin                ",20102,238
"Austin                ",20103,229
"Austin                ",20104,191
"Austin                ",20111,201
"Austin                ",20112,190
"Austin                ",20113,164
"Austin                ",20114,186
"Austin                ",20121,214
"Austin                ",20122,226
"Austin                ",20123,236
"Austin                ",20124,172
"Avalon Park           ",20051,22
"Avalon Park           ",20052,21
"Avalon Park           ",20053,22
"Avalon Park           ",20054,26
"Avalon Park           ",20061,29
"Avalon Park           ",20062,37
"Avalon Park           ",20063,32
"Avalon Park           ",20064,23
"Avalon Park           ",20071,32
"Avalon Park           ",20072,23
"Avalon Park           ",20073,41
"Avalon Park           ",20074,34
"Avalon Park           ",20081,35
"Avalon Park           ",20082,28
"Avalon Park           ",20083,39
"Avalon Park           ",20084,40
"Avalon Park           ",20091,50
"Avalon Park           ",20092,18
"Avalon Park           ",20093,36
"Avalon Park           ",20094,32
"Avalon Park           ",20101,35
"Avalon Park           ",20102,37
"Avalon Park           ",20103,31
"Avalon Park           ",20104,32
"Avalon Park           ",20111,47
"Avalon Park           ",20112,33
"Avalon Park           ",20113,23
"Avalon Park           ",20114,39
"Avalon Park           ",20121,37
"Avalon Park           ",20122,44
"Avalon Park           ",20123,45
"Avalon Park           ",20124,22
"Avondale              ",20051,11
"Avondale              ",20052,7
"Avondale              ",20053,10
"Avondale              ",20054,8
"Avondale              ",20061,19
"Avondale              ",20062,10
"Avondale              ",20063,17
"Avondale              ",20064,21
"Avondale              ",20071,19
"Avondale              ",20072,29
"Avondale              ",20073,34
"Avondale              ",20074,49
"Avondale              ",20081,60
"Avondale              ",20082,75
"Avondale              ",20083,65
"Avondale              ",20084,77
"Avondale              ",20091,91
"Avondale              ",20092,42
"Avondale              ",20093,114
"Avondale              ",20094,105
"Avondale              ",20101,92
"Avondale              ",20102,97
"Avondale              ",20103,110
"Avondale              ",20104,74
"Avondale              ",20111,74
"Avondale              ",20112,67
"Avondale              ",20113,57
"Avondale              ",20114,59
"Avondale              ",20121,63
"Avondale              ",20122,82
"Avondale              ",20123,50
"Avondale              ",20124,30
"Belmont Cragin        ",20051,40
"Belmont Cragin        ",20052,31
"Belmont Cragin        ",20053,42
"Belmont Cragin        ",20054,29
"Belmont Cragin        ",20061,41
"Belmont Cragin        ",20062,52
"Belmont Cragin        ",20063,55
"Belmont Cragin        ",20064,56
"Belmont Cragin        ",20071,65
"Belmont Cragin        ",20072,87
"Belmont Cragin        ",20073,105
"Belmont Cragin        ",20074,137
"Belmont Cragin        ",20081,158
"Belmont Cragin        ",20082,187
"Belmont Cragin        ",20083,218
"Belmont Cragin        ",20084,198
"Belmont Cragin        ",20091,247
"Belmont Cragin        ",20092,125
"Belmont Cragin        ",20093,305
"Belmont Cragin        ",20094,278
"Belmont Cragin        ",20101,210
"Belmont Cragin        ",20102,247
"Belmont Cragin        ",20103,271
"Belmont Cragin        ",20104,198
"Belmont Cragin        ",20111,184
"Belmont Cragin        ",20112,172
"Belmont Cragin        ",20113,159
"Belmont Cragin        ",20114,163
"Belmont Cragin        ",20121,146
"Belmont Cragin        ",20122,148
"Belmont Cragin        ",20123,146
"Belmont Cragin        ",20124,115
"Beverly               ",20051,17
"Beverly               ",20052,13
"Beverly               ",20053,15
"Beverly               ",20054,23
"Beverly               ",20061,14
"Beverly               ",20062,18
"Beverly               ",20063,19
"Beverly               ",20064,17
"Beverly               ",20071,27
"Beverly               ",20072,18
"Beverly               ",20073,24
"Beverly               ",20074,24
"Beverly               ",20081,27
"Beverly               ",20082,41
"Beverly               ",20083,29
"Beverly               ",20084,27
"Beverly               ",20091,37
"Beverly               ",20092,22
"Beverly               ",20093,33
"Beverly               ",20094,39
"Beverly               ",20101,25
"Beverly               ",20102,37
"Beverly               ",20103,36
"Beverly               ",20104,38
"Beverly               ",20111,28
"Beverly               ",20112,42
"Beverly               ",20113,36
"Beverly               ",20114,33
"Beverly               ",20121,33
"Beverly               ",20122,40
"Beverly               ",20123,48
"Beverly               ",20124,18
"Bridgeport            ",20051,12
"Bridgeport            ",20052,13
"Bridgeport            ",20053,8
"Bridgeport            ",20054,10
"Bridgeport            ",20061,15
"Bridgeport            ",20062,6
"Bridgeport            ",20063,8
"Bridgeport            ",20064,11
"Bridgeport            ",20071,18
"Bridgeport            ",20072,17
"Bridgeport            ",20073,20
"Bridgeport            ",20074,16
"Bridgeport            ",20081,32
"Bridgeport            ",20082,18
"Bridgeport            ",20083,22
"Bridgeport            ",20084,28
"Bridgeport            ",20091,39
"Bridgeport            ",20092,20
"Bridgeport            ",20093,30
"Bridgeport            ",20094,39
"Bridgeport            ",20101,38
"Bridgeport            ",20102,41
"Bridgeport            ",20103,29
"Bridgeport            ",20104,35
"Bridgeport            ",20111,33
"Bridgeport            ",20112,29
"Bridgeport            ",20113,20
"Bridgeport            ",20114,24
"Bridgeport            ",20121,29
"Bridgeport            ",20122,36
"Bridgeport            ",20123,19
"Bridgeport            ",20124,18
"Brighton Park         ",20051,14
"Brighton Park         ",20052,11
"Brighton Park         ",20053,21
"Brighton Park         ",20054,11
"Brighton Park         ",20061,18
"Brighton Park         ",20062,22
"Brighton Park         ",20063,33
"Brighton Park         ",20064,19
"Brighton Park         ",20071,27
"Brighton Park         ",20072,41
"Brighton Park         ",20073,36
"Brighton Park         ",20074,53
"Brighton Park         ",20081,66
"Brighton Park         ",20082,59
"Brighton Park         ",20083,80
"Brighton Park         ",20084,77
"Brighton Park         ",20091,109
"Brighton Park         ",20092,43
"Brighton Park         ",20093,123
"Brighton Park         ",20094,95
"Brighton Park         ",20101,78
"Brighton Park         ",20102,88
"Brighton Park         ",20103,97
"Brighton Park         ",20104,75
"Brighton Park         ",20111,66
"Brighton Park         ",20112,58
"Brighton Park         ",20113,49
"Brighton Park         ",20114,44
"Brighton Park         ",20121,50
"Brighton Park         ",20122,69
"Brighton Park         ",20123,66
"Brighton Park         ",20124,41
"Burnside              ",20051,7
"Burnside              ",20052,9
"Burnside              ",20053,10
"Burnside              ",20054,10
"Burnside              ",20061,8
"Burnside              ",20062,6
"Burnside              ",20063,10
"Burnside              ",20064,11
"Burnside              ",20071,14
"Burnside              ",20072,9
"Burnside              ",20073,21
"Burnside              ",20074,15
"Burnside              ",20081,16
"Burnside              ",20082,15
"Burnside              ",20083,17
"Burnside              ",20084,18
"Burnside              ",20091,13
"Burnside              ",20092,8
"Burnside              ",20093,14
"Burnside              ",20094,15
"Burnside              ",20101,17
"Burnside              ",20102,11
"Burnside              ",20103,9
"Burnside              ",20104,7
"Burnside              ",20111,7
"Burnside              ",20112,3
"Burnside              ",20113,9
"Burnside              ",20114,11
"Burnside              ",20121,13
"Burnside              ",20122,14
"Burnside              ",20123,14
"Burnside              ",20124,6
"Calumet Heights       ",20051,31
"Calumet Heights       ",20052,25
"Calumet Heights       ",20053,28
"Calumet Heights       ",20054,31
"Calumet Heights       ",20061,20
"Calumet Heights       ",20062,25
"Calumet Heights       ",20063,42
"Calumet Heights       ",20064,43
"Calumet Heights       ",20071,48
"Calumet Heights       ",20072,34
"Calumet Heights       ",20073,62
"Calumet Heights       ",20074,40
"Calumet Heights       ",20081,37
"Calumet Heights       ",20082,39
"Calumet Heights       ",20083,50
"Calumet Heights       ",20084,36
"Calumet Heights       ",20091,52
"Calumet Heights       ",20092,24
"Calumet Heights       ",20093,43
"Calumet Heights       ",20094,42
"Calumet Heights       ",20101,37
"Calumet Heights       ",20102,49
"Calumet Heights       ",20103,51
"Calumet Heights       ",20104,35
"Calumet Heights       ",20111,21
"Calumet Heights       ",20112,31
"Calumet Heights       ",20113,41
"Calumet Heights       ",20114,40
"Calumet Heights       ",20121,36
"Calumet Heights       ",20122,40
"Calumet Heights       ",20123,74
"Calumet Heights       ",20124,46
"Chatham               ",20051,49
"Chatham               ",20052,39
"Chatham               ",20053,36
"Chatham               ",20054,52
"Chatham               ",20061,74
"Chatham               ",20062,51
"Chatham               ",20063,60
"Chatham               ",20064,69
"Chatham               ",20071,73
"Chatham               ",20072,60
"Chatham               ",20073,85
"Chatham               ",20074,86
"Chatham               ",20081,100
"Chatham               ",20082,73
"Chatham               ",20083,90
"Chatham               ",20084,72
"Chatham               ",20091,103
"Chatham               ",20092,35
"Chatham               ",20093,103
"Chatham               ",20094,106
"Chatham               ",20101,86
"Chatham               ",20102,71
"Chatham               ",20103,91
"Chatham               ",20104,68
"Chatham               ",20111,77
"Chatham               ",20112,66
"Chatham               ",20113,65
"Chatham               ",20114,84
"Chatham               ",20121,80
"Chatham               ",20122,68
"Chatham               ",20123,108
"Chatham               ",20124,58
"Chicago Lawn          ",20051,83
"Chicago Lawn          ",20052,59
"Chicago Lawn          ",20053,86
"Chicago Lawn          ",20054,90
"Chicago Lawn          ",20061,78
"Chicago Lawn          ",20062,80
"Chicago Lawn          ",20063,121
"Chicago Lawn          ",20064,152
"Chicago Lawn          ",20071,149
"Chicago Lawn          ",20072,114
"Chicago Lawn          ",20073,143
"Chicago Lawn          ",20074,172
"Chicago Lawn          ",20081,220
"Chicago Lawn          ",20082,179
"Chicago Lawn          ",20083,200
"Chicago Lawn          ",20084,214
"Chicago Lawn          ",20091,239
"Chicago Lawn          ",20092,86
"Chicago Lawn          ",20093,229
"Chicago Lawn          ",20094,196
"Chicago Lawn          ",20101,190
"Chicago Lawn          ",20102,166
"Chicago Lawn          ",20103,178
"Chicago Lawn          ",20104,144
"Chicago Lawn          ",20111,153
"Chicago Lawn          ",20112,113
"Chicago Lawn          ",20113,137
"Chicago Lawn          ",20114,122
"Chicago Lawn          ",20121,118
"Chicago Lawn          ",20122,150
"Chicago Lawn          ",20123,148
"Chicago Lawn          ",20124,114
"Clearing              ",20051,17
"Clearing              ",20052,14
"Clearing              ",20053,18
"Clearing              ",20054,8
"Clearing              ",20061,14
"Clearing              ",20062,12
"Clearing              ",20063,23
"Clearing              ",20064,23
"Clearing              ",20071,24
"Clearing              ",20072,14
"Clearing              ",20073,26
"Clearing              ",20074,33
"Clearing              ",20081,48
"Clearing              ",20082,39
"Clearing              ",20083,46
"Clearing              ",20084,49
"Clearing              ",20091,45
"Clearing              ",20092,20
"Clearing              ",20093,61
"Clearing              ",20094,71
"Clearing              ",20101,65
"Clearing              ",20102,50
"Clearing              ",20103,72
"Clearing              ",20104,43
"Clearing              ",20111,52
"Clearing              ",20112,48
"Clearing              ",20113,51
"Clearing              ",20114,48
"Clearing              ",20121,55
"Clearing              ",20122,51
"Clearing              ",20123,51
"Clearing              ",20124,44
"Douglas               ",20051,8
"Douglas               ",20052,9
"Douglas               ",20053,12
"Douglas               ",20054,9
"Douglas               ",20061,16
"Douglas               ",20062,13
"Douglas               ",20063,20
"Douglas               ",20064,16
"Douglas               ",20071,19
"Douglas               ",20072,14
"Douglas               ",20073,26
"Douglas               ",20074,35
"Douglas               ",20081,26
"Douglas               ",20082,20
"Douglas               ",20083,22
"Douglas               ",20084,20
"Douglas               ",20091,40
"Douglas               ",20092,12
"Douglas               ",20093,25
"Douglas               ",20094,30
"Douglas               ",20101,25
"Douglas               ",20102,30
"Douglas               ",20103,25
"Douglas               ",20104,32
"Douglas               ",20111,25
"Douglas               ",20112,20
"Douglas               ",20113,29
"Douglas               ",20114,28
"Douglas               ",20121,28
"Douglas               ",20122,27
"Douglas               ",20123,35
"Douglas               ",20124,15
"Dunning               ",20051,27
"Dunning               ",20052,13
"Dunning               ",20053,14
"Dunning               ",20054,18
"Dunning               ",20061,21
"Dunning               ",20062,23
"Dunning               ",20063,21
"Dunning               ",20064,24
"Dunning               ",20071,30
"Dunning               ",20072,42
"Dunning               ",20073,49
"Dunning               ",20074,68
"Dunning               ",20081,97
"Dunning               ",20082,91
"Dunning               ",20083,106
"Dunning               ",20084,111
"Dunning               ",20091,121
"Dunning               ",20092,54
"Dunning               ",20093,163
"Dunning               ",20094,141
"Dunning               ",20101,120
"Dunning               ",20102,135
"Dunning               ",20103,120
"Dunning               ",20104,105
"Dunning               ",20111,87
"Dunning               ",20112,73
"Dunning               ",20113,94
"Dunning               ",20114,67
"Dunning               ",20121,78
"Dunning               ",20122,95
"Dunning               ",20123,86
"Dunning               ",20124,69
"East Garfield         ",20051,22
"East Garfield         ",20052,14
"East Garfield         ",20053,29
"East Garfield         ",20054,24
"East Garfield         ",20061,41
"East Garfield         ",20062,32
"East Garfield         ",20063,33
"East Garfield         ",20064,38
"East Garfield         ",20071,58
"East Garfield         ",20072,44
"East Garfield         ",20073,58
"East Garfield         ",20074,82
"East Garfield         ",20081,76
"East Garfield         ",20082,72
"East Garfield         ",20083,63
"East Garfield         ",20084,77
"East Garfield         ",20091,73
"East Garfield         ",20092,30
"East Garfield         ",20093,91
"East Garfield         ",20094,75
"East Garfield         ",20101,69
"East Garfield         ",20102,64
"East Garfield         ",20103,53
"East Garfield         ",20104,56
"East Garfield         ",20111,41
"East Garfield         ",20112,28
"East Garfield         ",20113,47
"East Garfield         ",20114,39
"East Garfield         ",20121,34
"East Garfield         ",20122,44
"East Garfield         ",20123,39
"East Garfield         ",20124,31
"East Side             ",20051,17
"East Side             ",20052,12
"East Side             ",20053,12
"East Side             ",20054,15
"East Side             ",20061,15
"East Side             ",20062,11
"East Side             ",20063,16
"East Side             ",20064,17
"East Side             ",20071,22
"East Side             ",20072,15
"East Side             ",20073,32
"East Side             ",20074,22
"East Side             ",20081,28
"East Side             ",20082,28
"East Side             ",20083,28
"East Side             ",20084,18
"East Side             ",20091,47
"East Side             ",20092,22
"East Side             ",20093,49
"East Side             ",20094,43
"East Side             ",20101,33
"East Side             ",20102,29
"East Side             ",20103,38
"East Side             ",20104,31
"East Side             ",20111,45
"East Side             ",20112,31
"East Side             ",20113,25
"East Side             ",20114,32
"East Side             ",20121,30
"East Side             ",20122,35
"East Side             ",20123,42
"East Side             ",20124,43
"Edgewater             ",20051,12
"Edgewater             ",20052,27
"Edgewater             ",20053,15
"Edgewater             ",20054,10
"Edgewater             ",20061,21
"Edgewater             ",20062,25
"Edgewater             ",20063,30
"Edgewater             ",20064,32
"Edgewater             ",20071,45
"Edgewater             ",20072,36
"Edgewater             ",20073,30
"Edgewater             ",20074,39
"Edgewater             ",20081,56
"Edgewater             ",20082,58
"Edgewater             ",20083,50
"Edgewater             ",20084,55
"Edgewater             ",20091,75
"Edgewater             ",20092,38
"Edgewater             ",20093,78
"Edgewater             ",20094,123
"Edgewater             ",20101,91
"Edgewater             ",20102,99
"Edgewater             ",20103,105
"Edgewater             ",20104,92
"Edgewater             ",20111,93
"Edgewater             ",20112,87
"Edgewater             ",20113,75
"Edgewater             ",20114,60
"Edgewater             ",20121,89
"Edgewater             ",20122,85
"Edgewater             ",20123,74
"Edgewater             ",20124,49
"Edison Park           ",20051,4
"Edison Park           ",20052,1
"Edison Park           ",20053,4
"Edison Park           ",20054,4
"Edison Park           ",20061,2
"Edison Park           ",20062,3
"Edison Park           ",20063,5
"Edison Park           ",20064,4
"Edison Park           ",20071,4
"Edison Park           ",20072,6
"Edison Park           ",20073,9
"Edison Park           ",20074,3
"Edison Park           ",20081,9
"Edison Park           ",20082,13
"Edison Park           ",20083,17
"Edison Park           ",20084,14
"Edison Park           ",20091,9
"Edison Park           ",20092,5
"Edison Park           ",20093,21
"Edison Park           ",20094,20
"Edison Park           ",20101,11
"Edison Park           ",20102,14
"Edison Park           ",20103,17
"Edison Park           ",20104,15
"Edison Park           ",20111,14
"Edison Park           ",20112,14
"Edison Park           ",20113,10
"Edison Park           ",20114,9
"Edison Park           ",20121,14
"Edison Park           ",20122,16
"Edison Park           ",20123,15
"Edison Park           ",20124,7
"Englewood             ",20051,82
"Englewood             ",20052,62
"Englewood             ",20053,64
"Englewood             ",20054,94
"Englewood             ",20061,97
"Englewood             ",20062,111
"Englewood             ",20063,135
"Englewood             ",20064,150
"Englewood             ",20071,190
"Englewood             ",20072,137
"Englewood             ",20073,153
"Englewood             ",20074,137
"Englewood             ",20081,172
"Englewood             ",20082,175
"Englewood             ",20083,182
"Englewood             ",20084,180
"Englewood             ",20091,141
"Englewood             ",20092,86
"Englewood             ",20093,132
"Englewood             ",20094,147
"Englewood             ",20101,101
"Englewood             ",20102,112
"Englewood             ",20103,76
"Englewood             ",20104,85
"Englewood             ",20111,72
"Englewood             ",20112,59
"Englewood             ",20113,70
"Englewood             ",20114,58
"Englewood             ",20121,76
"Englewood             ",20122,109
"Englewood             ",20123,75
"Englewood             ",20124,61
"Forest Glen           ",20051,5
"Forest Glen           ",20052,7
"Forest Glen           ",20053,4
"Forest Glen           ",20054,8
"Forest Glen           ",20061,6
"Forest Glen           ",20062,7
"Forest Glen           ",20063,7
"Forest Glen           ",20064,12
"Forest Glen           ",20071,11
"Forest Glen           ",20072,5
"Forest Glen           ",20073,21
"Forest Glen           ",20074,11
"Forest Glen           ",20081,16
"Forest Glen           ",20082,20
"Forest Glen           ",20083,24
"Forest Glen           ",20084,17
"Forest Glen           ",20091,37
"Forest Glen           ",20092,10
"Forest Glen           ",20093,38
"Forest Glen           ",20094,23
"Forest Glen           ",20101,35
"Forest Glen           ",20102,30
"Forest Glen           ",20103,37
"Forest Glen           ",20104,26
"Forest Glen           ",20111,20
"Forest Glen           ",20112,9
"Forest Glen           ",20113,29
"Forest Glen           ",20114,17
"Forest Glen           ",20121,24
"Forest Glen           ",20122,21
"Forest Glen           ",20123,27
"Forest Glen           ",20124,14
"Fuller Park           ",20051,7
"Fuller Park           ",20052,4
"Fuller Park           ",20053,6
"Fuller Park           ",20054,9
"Fuller Park           ",20061,4
"Fuller Park           ",20062,9
"Fuller Park           ",20063,11
"Fuller Park           ",20064,10
"Fuller Park           ",20071,12
"Fuller Park           ",20072,14
"Fuller Park           ",20073,12
"Fuller Park           ",20074,9
"Fuller Park           ",20081,21
"Fuller Park           ",20082,13
"Fuller Park           ",20083,11
"Fuller Park           ",20084,11
"Fuller Park           ",20091,8
"Fuller Park           ",20092,8
"Fuller Park           ",20093,6
"Fuller Park           ",20094,10
"Fuller Park           ",20101,6
"Fuller Park           ",20102,12
"Fuller Park           ",20103,5
"Fuller Park           ",20104,8
"Fuller Park           ",20111,13
"Fuller Park           ",20112,9
"Fuller Park           ",20113,12
"Fuller Park           ",20114,5
"Fuller Park           ",20122,8
"Fuller Park           ",20123,2
"Fuller Park           ",20124,5
"Gage Park             ",20051,31
"Gage Park             ",20052,13
"Gage Park             ",20053,26
"Gage Park             ",20054,21
"Gage Park             ",20061,28
"Gage Park             ",20062,23
"Gage Park             ",20063,29
"Gage Park             ",20064,31
"Gage Park             ",20071,41
"Gage Park             ",20072,29
"Gage Park             ",20073,52
"Gage Park             ",20074,66
"Gage Park             ",20081,64
"Gage Park             ",20082,67
"Gage Park             ",20083,109
"Gage Park             ",20084,96
"Gage Park             ",20091,104
"Gage Park             ",20092,59
"Gage Park             ",20093,118
"Gage Park             ",20094,114
"Gage Park             ",20101,96
"Gage Park             ",20102,102
"Gage Park             ",20103,119
"Gage Park             ",20104,88
"Gage Park             ",20111,100
"Gage Park             ",20112,64
"Gage Park             ",20113,64
"Gage Park             ",20114,59
"Gage Park             ",20121,61
"Gage Park             ",20122,67
"Gage Park             ",20123,77
"Gage Park             ",20124,59
"Garfield Ridge        ",20051,25
"Garfield Ridge        ",20052,15
"Garfield Ridge        ",20053,16
"Garfield Ridge        ",20054,24
"Garfield Ridge        ",20061,18
"Garfield Ridge        ",20062,15
"Garfield Ridge        ",20063,28
"Garfield Ridge        ",20064,32
"Garfield Ridge        ",20071,30
"Garfield Ridge        ",20072,28
"Garfield Ridge        ",20073,45
"Garfield Ridge        ",20074,52
"Garfield Ridge        ",20081,44
"Garfield Ridge        ",20082,59
"Garfield Ridge        ",20083,56
"Garfield Ridge        ",20084,63
"Garfield Ridge        ",20091,74
"Garfield Ridge        ",20092,30
"Garfield Ridge        ",20093,85
"Garfield Ridge        ",20094,83
"Garfield Ridge        ",20101,78
"Garfield Ridge        ",20102,77
"Garfield Ridge        ",20103,101
"Garfield Ridge        ",20104,68
"Garfield Ridge        ",20111,72
"Garfield Ridge        ",20112,59
"Garfield Ridge        ",20113,53
"Garfield Ridge        ",20114,66
"Garfield Ridge        ",20121,50
"Garfield Ridge        ",20122,73
"Garfield Ridge        ",20123,68
"Garfield Ridge        ",20124,61
"Grand Boulevard       ",20051,32
"Grand Boulevard       ",20052,22
"Grand Boulevard       ",20053,21
"Grand Boulevard       ",20054,16
"Grand Boulevard       ",20061,35
"Grand Boulevard       ",20062,54
"Grand Boulevard       ",20063,48
"Grand Boulevard       ",20064,48
"Grand Boulevard       ",20071,71
"Grand Boulevard       ",20072,51
"Grand Boulevard       ",20073,78
"Grand Boulevard       ",20074,69
"Grand Boulevard       ",20081,107
"Grand Boulevard       ",20082,91
"Grand Boulevard       ",20083,91
"Grand Boulevard       ",20084,64
"Grand Boulevard       ",20091,112
"Grand Boulevard       ",20092,40
"Grand Boulevard       ",20093,95
"Grand Boulevard       ",20094,108
"Grand Boulevard       ",20101,74
"Grand Boulevard       ",20102,69
"Grand Boulevard       ",20103,93
"Grand Boulevard       ",20104,85
"Grand Boulevard       ",20111,71
"Grand Boulevard       ",20112,51
"Grand Boulevard       ",20113,49
"Grand Boulevard       ",20114,71
"Grand Boulevard       ",20121,87
"Grand Boulevard       ",20122,61
"Grand Boulevard       ",20123,56
"Grand Boulevard       ",20124,37
"Greater Grand Crossing",20051,68
"Greater Grand Crossing",20052,45
"Greater Grand Crossing",20053,49
"Greater Grand Crossing",20054,69
"Greater Grand Crossing",20061,61
"Greater Grand Crossing",20062,71
"Greater Grand Crossing",20063,87
"Greater Grand Crossing",20064,87
"Greater Grand Crossing",20071,112
"Greater Grand Crossing",20072,88
"Greater Grand Crossing",20073,123
"Greater Grand Crossing",20074,109
"Greater Grand Crossing",20081,107
"Greater Grand Crossing",20082,110
"Greater Grand Crossing",20083,128
"Greater Grand Crossing",20084,106
"Greater Grand Crossing",20091,114
"Greater Grand Crossing",20092,57
"Greater Grand Crossing",20093,95
"Greater Grand Crossing",20094,111
"Greater Grand Crossing",20101,79
"Greater Grand Crossing",20102,99
"Greater Grand Crossing",20103,80
"Greater Grand Crossing",20104,64
"Greater Grand Crossing",20111,75
"Greater Grand Crossing",20112,72
"Greater Grand Crossing",20113,72
"Greater Grand Crossing",20114,78
"Greater Grand Crossing",20121,78
"Greater Grand Crossing",20122,93
"Greater Grand Crossing",20123,94
"Greater Grand Crossing",20124,76
"Hegewisch             ",20051,9
"Hegewisch             ",20052,10
"Hegewisch             ",20053,6
"Hegewisch             ",20054,6
"Hegewisch             ",20061,9
"Hegewisch             ",20062,10
"Hegewisch             ",20063,15
"Hegewisch             ",20064,19
"Hegewisch             ",20071,7
"Hegewisch             ",20072,7
"Hegewisch             ",20073,10
"Hegewisch             ",20074,12
"Hegewisch             ",20081,12
"Hegewisch             ",20082,7
"Hegewisch             ",20083,10
"Hegewisch             ",20084,12
"Hegewisch             ",20091,15
"Hegewisch             ",20092,8
"Hegewisch             ",20093,17
"Hegewisch             ",20094,15
"Hegewisch             ",20101,11
"Hegewisch             ",20102,12
"Hegewisch             ",20103,15
"Hegewisch             ",20104,14
"Hegewisch             ",20111,12
"Hegewisch             ",20112,10
"Hegewisch             ",20113,13
"Hegewisch             ",20114,10
"Hegewisch             ",20121,14
"Hegewisch             ",20122,16
"Hegewisch             ",20123,20
"Hegewisch             ",20124,17
"Hermosa               ",20051,11
"Hermosa               ",20052,8
"Hermosa               ",20053,12
"Hermosa               ",20054,8
"Hermosa               ",20061,20
"Hermosa               ",20062,7
"Hermosa               ",20063,18
"Hermosa               ",20064,16
"Hermosa               ",20071,22
"Hermosa               ",20072,33
"Hermosa               ",20073,36
"Hermosa               ",20074,38
"Hermosa               ",20081,42
"Hermosa               ",20082,65
"Hermosa               ",20083,65
"Hermosa               ",20084,63
"Hermosa               ",20091,77
"Hermosa               ",20092,40
"Hermosa               ",20093,82
"Hermosa               ",20094,58
"Hermosa               ",20101,46
"Hermosa               ",20102,63
"Hermosa               ",20103,57
"Hermosa               ",20104,58
"Hermosa               ",20111,60
"Hermosa               ",20112,35
"Hermosa               ",20113,47
"Hermosa               ",20114,34
"Hermosa               ",20121,43
"Hermosa               ",20122,41
"Hermosa               ",20123,51
"Hermosa               ",20124,20
"Humboldt Park         ",20051,65
"Humboldt Park         ",20052,59
"Humboldt Park         ",20053,61
"Humboldt Park         ",20054,78
"Humboldt Park         ",20061,52
"Humboldt Park         ",20062,87
"Humboldt Park         ",20063,96
"Humboldt Park         ",20064,82
"Humboldt Park         ",20071,107
"Humboldt Park         ",20072,108
"Humboldt Park         ",20073,142
"Humboldt Park         ",20074,143
"Humboldt Park         ",20081,166
"Humboldt Park         ",20082,187
"Humboldt Park         ",20083,173
"Humboldt Park         ",20084,206
"Humboldt Park         ",20091,189
"Humboldt Park         ",20092,75
"Humboldt Park         ",20093,201
"Humboldt Park         ",20094,186
"Humboldt Park         ",20101,145
"Humboldt Park         ",20102,157
"Humboldt Park         ",20103,155
"Humboldt Park         ",20104,121
"Humboldt Park         ",20111,124
"Humboldt Park         ",20112,116
"Humboldt Park         ",20113,114
"Humboldt Park         ",20114,109
"Humboldt Park         ",20121,103
"Humboldt Park         ",20122,117
"Humboldt Park         ",20123,110
"Humboldt Park         ",20124,65
"Hyde Park             ",20051,13
"Hyde Park             ",20052,9
"Hyde Park             ",20053,9
"Hyde Park             ",20054,12
"Hyde Park             ",20061,10
"Hyde Park             ",20062,10
"Hyde Park             ",20063,16
"Hyde Park             ",20064,9
"Hyde Park             ",20071,19
"Hyde Park             ",20072,12
"Hyde Park             ",20073,18
"Hyde Park             ",20074,13
"Hyde Park             ",20081,17
"Hyde Park             ",20082,20
"Hyde Park             ",20083,22
"Hyde Park             ",20084,26
"Hyde Park             ",20091,29
"Hyde Park             ",20092,8
"Hyde Park             ",20093,12
"Hyde Park             ",20094,18
"Hyde Park             ",20101,20
"Hyde Park             ",20102,24
"Hyde Park             ",20103,27
"Hyde Park             ",20104,19
"Hyde Park             ",20111,29
"Hyde Park             ",20112,18
"Hyde Park             ",20113,21
"Hyde Park             ",20114,20
"Hyde Park             ",20121,21
"Hyde Park             ",20122,29
"Hyde Park             ",20123,25
"Hyde Park             ",20124,12
"Irving Park           ",20051,21
"Irving Park           ",20052,13
"Irving Park           ",20053,10
"Irving Park           ",20054,21
"Irving Park           ",20061,20
"Irving Park           ",20062,19
"Irving Park           ",20063,19
"Irving Park           ",20064,28
"Irving Park           ",20071,44
"Irving Park           ",20072,36
"Irving Park           ",20073,54
"Irving Park           ",20074,45
"Irving Park           ",20081,80
"Irving Park           ",20082,83
"Irving Park           ",20083,79
"Irving Park           ",20084,108
"Irving Park           ",20091,115
"Irving Park           ",20092,44
"Irving Park           ",20093,148
"Irving Park           ",20094,142
"Irving Park           ",20101,125
"Irving Park           ",20102,130
"Irving Park           ",20103,129
"Irving Park           ",20104,100
"Irving Park           ",20111,96
"Irving Park           ",20112,94
"Irving Park           ",20113,79
"Irving Park           ",20114,86
"Irving Park           ",20121,97
"Irving Park           ",20122,84
"Irving Park           ",20123,86
"Irving Park           ",20124,47
"Jefferson Park        ",20051,12
"Jefferson Park        ",20052,7
"Jefferson Park        ",20053,11
"Jefferson Park        ",20054,10
"Jefferson Park        ",20061,14
"Jefferson Park        ",20062,8
"Jefferson Park        ",20063,14
"Jefferson Park        ",20064,14
"Jefferson Park        ",20071,12
"Jefferson Park        ",20072,16
"Jefferson Park        ",20073,21
"Jefferson Park        ",20074,31
"Jefferson Park        ",20081,23
"Jefferson Park        ",20082,38
"Jefferson Park        ",20083,35
"Jefferson Park        ",20084,46
"Jefferson Park        ",20091,51
"Jefferson Park        ",20092,16
"Jefferson Park        ",20093,55
"Jefferson Park        ",20094,63
"Jefferson Park        ",20101,47
"Jefferson Park        ",20102,64
"Jefferson Park        ",20103,65
"Jefferson Park        ",20104,48
"Jefferson Park        ",20111,47
"Jefferson Park        ",20112,40
"Jefferson Park        ",20113,41
"Jefferson Park        ",20114,37
"Jefferson Park        ",20121,37
"Jefferson Park        ",20122,37
"Jefferson Park        ",20123,45
"Jefferson Park        ",20124,26
"Kenwood               ",20051,16
"Kenwood               ",20052,13
"Kenwood               ",20053,18
"Kenwood               ",20054,16
"Kenwood               ",20061,23
"Kenwood               ",20062,21
"Kenwood               ",20063,20
"Kenwood               ",20064,19
"Kenwood               ",20071,28
"Kenwood               ",20072,24
"Kenwood               ",20073,27
"Kenwood               ",20074,30
"Kenwood               ",20081,28
"Kenwood               ",20082,34
"Kenwood               ",20083,32
"Kenwood               ",20084,33
"Kenwood               ",20091,23
"Kenwood               ",20092,11
"Kenwood               ",20093,30
"Kenwood               ",20094,34
"Kenwood               ",20101,27
"Kenwood               ",20102,28
"Kenwood               ",20103,38
"Kenwood               ",20104,29
"Kenwood               ",20111,25
"Kenwood               ",20112,26
"Kenwood               ",20113,29
"Kenwood               ",20114,21
"Kenwood               ",20121,26
"Kenwood               ",20122,32
"Kenwood               ",20123,30
"Kenwood               ",20124,26
"Lakeview              ",20051,27
"Lakeview              ",20052,13
"Lakeview              ",20053,18
"Lakeview              ",20054,13
"Lakeview              ",20061,24
"Lakeview              ",20062,17
"Lakeview              ",20063,28
"Lakeview              ",20064,27
"Lakeview              ",20071,36
"Lakeview              ",20072,29
"Lakeview              ",20073,40
"Lakeview              ",20074,44
"Lakeview              ",20081,50
"Lakeview              ",20082,64
"Lakeview              ",20083,51
"Lakeview              ",20084,67
"Lakeview              ",20091,77
"Lakeview              ",20092,46
"Lakeview              ",20093,113
"Lakeview              ",20094,117
"Lakeview              ",20101,83
"Lakeview              ",20102,86
"Lakeview              ",20103,107
"Lakeview              ",20104,113
"Lakeview              ",20111,103
"Lakeview              ",20112,88
"Lakeview              ",20113,73
"Lakeview              ",20114,77
"Lakeview              ",20121,80
"Lakeview              ",20122,91
"Lakeview              ",20123,96
"Lakeview              ",20124,61
"Lincoln Park          ",20051,10
"Lincoln Park          ",20052,10
"Lincoln Park          ",20053,10
"Lincoln Park          ",20054,12
"Lincoln Park          ",20061,10
"Lincoln Park          ",20062,18
"Lincoln Park          ",20063,11
"Lincoln Park          ",20064,21
"Lincoln Park          ",20071,29
"Lincoln Park          ",20072,21
"Lincoln Park          ",20073,23
"Lincoln Park          ",20074,30
"Lincoln Park          ",20081,19
"Lincoln Park          ",20082,26
"Lincoln Park          ",20083,31
"Lincoln Park          ",20084,35
"Lincoln Park          ",20091,58
"Lincoln Park          ",20092,33
"Lincoln Park          ",20093,58
"Lincoln Park          ",20094,75
"Lincoln Park          ",20101,60
"Lincoln Park          ",20102,67
"Lincoln Park          ",20103,74
"Lincoln Park          ",20104,50
"Lincoln Park          ",20111,55
"Lincoln Park          ",20112,38
"Lincoln Park          ",20113,50
"Lincoln Park          ",20114,53
"Lincoln Park          ",20121,42
"Lincoln Park          ",20122,55
"Lincoln Park          ",20123,49
"Lincoln Park          ",20124,30
"Lincoln Square        ",20051,9
"Lincoln Square        ",20052,7
"Lincoln Square        ",20053,12
"Lincoln Square        ",20054,6
"Lincoln Square        ",20061,6
"Lincoln Square        ",20062,11
"Lincoln Square        ",20063,8
"Lincoln Square        ",20064,17
"Lincoln Square        ",20071,17
"Lincoln Square        ",20072,14
"Lincoln Square        ",20073,25
"Lincoln Square        ",20074,25
"Lincoln Square        ",20081,25
"Lincoln Square        ",20082,35
"Lincoln Square        ",20083,40
"Lincoln Square        ",20084,46
"Lincoln Square        ",20091,60
"Lincoln Square        ",20092,19
"Lincoln Square        ",20093,69
"Lincoln Square        ",20094,78
"Lincoln Square        ",20101,52
"Lincoln Square        ",20102,55
"Lincoln Square        ",20103,60
"Lincoln Square        ",20104,44
"Lincoln Square        ",20111,43
"Lincoln Square        ",20112,51
"Lincoln Square        ",20113,38
"Lincoln Square        ",20114,39
"Lincoln Square        ",20121,39
"Lincoln Square        ",20122,53
"Lincoln Square        ",20123,39
"Lincoln Square        ",20124,27
"Logan Square          ",20051,26
"Logan Square          ",20052,15
"Logan Square          ",20053,24
"Logan Square          ",20054,29
"Logan Square          ",20061,27
"Logan Square          ",20062,24
"Logan Square          ",20063,34
"Logan Square          ",20064,37
"Logan Square          ",20071,50
"Logan Square          ",20072,56
"Logan Square          ",20073,66
"Logan Square          ",20074,63
"Logan Square          ",20081,89
"Logan Square          ",20082,100
"Logan Square          ",20083,116
"Logan Square          ",20084,113
"Logan Square          ",20091,141
"Logan Square          ",20092,77
"Logan Square          ",20093,146
"Logan Square          ",20094,171
"Logan Square          ",20101,125
"Logan Square          ",20102,152
"Logan Square          ",20103,133
"Logan Square          ",20104,121
"Logan Square          ",20111,116
"Logan Square          ",20112,105
"Logan Square          ",20113,79
"Logan Square          ",20114,84
"Logan Square          ",20121,106
"Logan Square          ",20122,93
"Logan Square          ",20123,98
"Logan Square          ",20124,62
"Loop                  ",20051,15
"Loop                  ",20052,11
"Loop                  ",20053,7
"Loop                  ",20054,23
"Loop                  ",20061,14
"Loop                  ",20062,23
"Loop                  ",20063,21
"Loop                  ",20064,15
"Loop                  ",20071,25
"Loop                  ",20072,19
"Loop                  ",20073,29
"Loop                  ",20074,28
"Loop                  ",20081,37
"Loop                  ",20082,45
"Loop                  ",20083,44
"Loop                  ",20084,45
"Loop                  ",20091,52
"Loop                  ",20092,22
"Loop                  ",20093,64
"Loop                  ",20094,67
"Loop                  ",20101,66
"Loop                  ",20102,98
"Loop                  ",20103,80
"Loop                  ",20104,68
"Loop                  ",20111,65
"Loop                  ",20112,76
"Loop                  ",20113,49
"Loop                  ",20114,52
"Loop                  ",20121,57
"Loop                  ",20122,42
"Loop                  ",20123,35
"Loop                  ",20124,27
"Lower West Side       ",20051,10
"Lower West Side       ",20052,6
"Lower West Side       ",20053,10
"Lower West Side       ",20054,11
"Lower West Side       ",20061,14
"Lower West Side       ",20062,11
"Lower West Side       ",20063,16
"Lower West Side       ",20064,14
"Lower West Side       ",20071,10
"Lower West Side       ",20072,17
"Lower West Side       ",20073,23
"Lower West Side       ",20074,27
"Lower West Side       ",20081,30
"Lower West Side       ",20082,36
"Lower West Side       ",20083,30
"Lower West Side       ",20084,37
"Lower West Side       ",20091,43
"Lower West Side       ",20092,17
"Lower West Side       ",20093,45
"Lower West Side       ",20094,43
"Lower West Side       ",20101,26
"Lower West Side       ",20102,59
"Lower West Side       ",20103,37
"Lower West Side       ",20104,39
"Lower West Side       ",20111,36
"Lower West Side       ",20112,28
"Lower West Side       ",20113,45
"Lower West Side       ",20114,34
"Lower West Side       ",20121,38
"Lower West Side       ",20122,35
"Lower West Side       ",20123,32
"Lower West Side       ",20124,19
"McKinley Park         ",20051,4
"McKinley Park         ",20053,6
"McKinley Park         ",20054,6
"McKinley Park         ",20061,1
"McKinley Park         ",20062,8
"McKinley Park         ",20063,8
"McKinley Park         ",20064,5
"McKinley Park         ",20071,5
"McKinley Park         ",20072,9
"McKinley Park         ",20073,9
"McKinley Park         ",20074,16
"McKinley Park         ",20081,10
"McKinley Park         ",20082,21
"McKinley Park         ",20083,15
"McKinley Park         ",20084,21
"McKinley Park         ",20091,22
"McKinley Park         ",20092,18
"McKinley Park         ",20093,27
"McKinley Park         ",20094,23
"McKinley Park         ",20101,26
"McKinley Park         ",20102,18
"McKinley Park         ",20103,34
"McKinley Park         ",20104,20
"McKinley Park         ",20111,25
"McKinley Park         ",20112,22
"McKinley Park         ",20113,20
"McKinley Park         ",20114,19
"McKinley Park         ",20121,19
"McKinley Park         ",20122,17
"McKinley Park         ",20123,20
"McKinley Park         ",20124,20
"Montclare             ",20051,4
"Montclare             ",20052,12
"Montclare             ",20053,3
"Montclare             ",20054,7
"Montclare             ",20061,11
"Montclare             ",20062,10
"Montclare             ",20063,9
"Montclare             ",20064,8
"Montclare             ",20071,14
"Montclare             ",20072,9
"Montclare             ",20073,19
"Montclare             ",20074,17
"Montclare             ",20081,22
"Montclare             ",20082,43
"Montclare             ",20083,41
"Montclare             ",20084,36
"Montclare             ",20091,39
"Montclare             ",20092,20
"Montclare             ",20093,49
"Montclare             ",20094,54
"Montclare             ",20101,44
"Montclare             ",20102,61
"Montclare             ",20103,53
"Montclare             ",20104,47
"Montclare             ",20111,31
"Montclare             ",20112,30
"Montclare             ",20113,42
"Montclare             ",20114,21
"Montclare             ",20121,40
"Montclare             ",20122,24
"Montclare             ",20123,20
"Montclare             ",20124,24
"Morgan Park           ",20051,38
"Morgan Park           ",20052,33
"Morgan Park           ",20053,36
"Morgan Park           ",20054,47
"Morgan Park           ",20061,59
"Morgan Park           ",20062,42
"Morgan Park           ",20063,45
"Morgan Park           ",20064,55
"Morgan Park           ",20071,62
"Morgan Park           ",20072,52
"Morgan Park           ",20073,67
"Morgan Park           ",20074,55
"Morgan Park           ",20081,70
"Morgan Park           ",20082,60
"Morgan Park           ",20083,70
"Morgan Park           ",20084,58
"Morgan Park           ",20091,58
"Morgan Park           ",20092,39
"Morgan Park           ",20093,69
"Morgan Park           ",20094,71
"Morgan Park           ",20101,66
"Morgan Park           ",20102,64
"Morgan Park           ",20103,60
"Morgan Park           ",20104,43
"Morgan Park           ",20111,57
"Morgan Park           ",20112,45
"Morgan Park           ",20113,54
"Morgan Park           ",20114,44
"Morgan Park           ",20121,55
"Morgan Park           ",20122,73
"Morgan Park           ",20123,86
"Morgan Park           ",20124,54
"Mount Greenwood       ",20051,7
"Mount Greenwood       ",20052,10
"Mount Greenwood       ",20053,13
"Mount Greenwood       ",20054,14
"Mount Greenwood       ",20061,5
"Mount Greenwood       ",20062,12
"Mount Greenwood       ",20063,6
"Mount Greenwood       ",20064,10
"Mount Greenwood       ",20071,19
"Mount Greenwood       ",20072,10
"Mount Greenwood       ",20073,18
"Mount Greenwood       ",20074,13
"Mount Greenwood       ",20081,24
"Mount Greenwood       ",20082,15
"Mount Greenwood       ",20083,17
"Mount Greenwood       ",20084,25
"Mount Greenwood       ",20091,22
"Mount Greenwood       ",20092,8
"Mount Greenwood       ",20093,20
"Mount Greenwood       ",20094,36
"Mount Greenwood       ",20101,17
"Mount Greenwood       ",20102,23
"Mount Greenwood       ",20103,33
"Mount Greenwood       ",20104,26
"Mount Greenwood       ",20111,24
"Mount Greenwood       ",20112,25
"Mount Greenwood       ",20113,12
"Mount Greenwood       ",20114,30
"Mount Greenwood       ",20121,25
"Mount Greenwood       ",20122,40
"Mount Greenwood       ",20123,28
"Mount Greenwood       ",20124,17
"Near North Side       ",20051,34
"Near North Side       ",20052,34
"Near North Side       ",20053,51
"Near North Side       ",20054,42
"Near North Side       ",20061,42
"Near North Side       ",20062,51
"Near North Side       ",20063,52
"Near North Side       ",20064,59
"Near North Side       ",20071,64
"Near North Side       ",20072,57
"Near North Side       ",20073,73
"Near North Side       ",20074,92
"Near North Side       ",20081,102
"Near North Side       ",20082,133
"Near North Side       ",20083,127
"Near North Side       ",20084,107
"Near North Side       ",20091,158
"Near North Side       ",20092,66
"Near North Side       ",20093,187
"Near North Side       ",20094,247
"Near North Side       ",20101,171
"Near North Side       ",20102,197
"Near North Side       ",20103,170
"Near North Side       ",20104,138
"Near North Side       ",20111,128
"Near North Side       ",20112,123
"Near North Side       ",20113,116
"Near North Side       ",20114,118
"Near North Side       ",20121,111
"Near North Side       ",20122,104
"Near North Side       ",20123,84
"Near North Side       ",20124,59
"Near South Side       ",20051,4
"Near South Side       ",20052,5
"Near South Side       ",20053,11
"Near South Side       ",20054,5
"Near South Side       ",20061,8
"Near South Side       ",20062,15
"Near South Side       ",20063,15
"Near South Side       ",20064,19
"Near South Side       ",20071,16
"Near South Side       ",20072,23
"Near South Side       ",20073,23
"Near South Side       ",20074,18
"Near South Side       ",20081,38
"Near South Side       ",20082,36
"Near South Side       ",20083,32
"Near South Side       ",20084,29
"Near South Side       ",20091,64
"Near South Side       ",20092,29
"Near South Side       ",20093,59
"Near South Side       ",20094,71
"Near South Side       ",20101,65
"Near South Side       ",20102,76
"Near South Side       ",20103,86
"Near South Side       ",20104,57
"Near South Side       ",20111,79
"Near South Side       ",20112,51
"Near South Side       ",20113,54
"Near South Side       ",20114,47
"Near South Side       ",20121,50
"Near South Side       ",20122,60
"Near South Side       ",20123,53
"Near South Side       ",20124,33
"Near West Side        ",20051,21
"Near West Side        ",20052,21
"Near West Side        ",20053,22
"Near West Side        ",20054,19
"Near West Side        ",20061,22
"Near West Side        ",20062,19
"Near West Side        ",20063,30
"Near West Side        ",20064,31
"Near West Side        ",20071,31
"Near West Side        ",20072,43
"Near West Side        ",20073,52
"Near West Side        ",20074,50
"Near West Side        ",20081,69
"Near West Side        ",20082,70
"Near West Side        ",20083,80
"Near West Side        ",20084,66
"Near West Side        ",20091,105
"Near West Side        ",20092,34
"Near West Side        ",20093,111
"Near West Side        ",20094,111
"Near West Side        ",20101,122
"Near West Side        ",20102,134
"Near West Side        ",20103,144
"Near West Side        ",20104,122
"Near West Side        ",20111,128
"Near West Side        ",20112,97
"Near West Side        ",20113,111
"Near West Side        ",20114,101
"Near West Side        ",20121,98
"Near West Side        ",20122,115
"Near West Side        ",20123,99
"Near West Side        ",20124,67
"New City              ",20051,49
"New City              ",20052,41
"New City              ",20053,60
"New City              ",20054,55
"New City              ",20061,63
"New City              ",20062,70
"New City              ",20063,76
"New City              ",20064,93
"New City              ",20071,136
"New City              ",20072,113
"New City              ",20073,122
"New City              ",20074,166
"New City              ",20081,139
"New City              ",20082,137
"New City              ",20083,151
"New City              ",20084,138
"New City              ",20091,142
"New City              ",20092,68
"New City              ",20093,141
"New City              ",20094,130
"New City              ",20101,105
"New City              ",20102,118
"New City              ",20103,105
"New City              ",20104,107
"New City              ",20111,88
"New City              ",20112,75
"New City              ",20113,83
"New City              ",20114,63
"New City              ",20121,91
"New City              ",20122,91
"New City              ",20123,82
"New City              ",20124,66
"North Center          ",20051,4
"North Center          ",20052,7
"North Center          ",20053,4
"North Center          ",20054,3
"North Center          ",20061,8
"North Center          ",20062,10
"North Center          ",20063,8
"North Center          ",20064,11
"North Center          ",20071,13
"North Center          ",20072,12
"North Center          ",20073,23
"North Center          ",20074,16
"North Center          ",20081,25
"North Center          ",20082,21
"North Center          ",20083,28
"North Center          ",20084,27
"North Center          ",20091,24
"North Center          ",20092,19
"North Center          ",20093,38
"North Center          ",20094,40
"North Center          ",20101,32
"North Center          ",20102,32
"North Center          ",20103,39
"North Center          ",20104,31
"North Center          ",20111,32
"North Center          ",20112,38
"North Center          ",20113,35
"North Center          ",20114,25
"North Center          ",20121,19
"North Center          ",20122,27
"North Center          ",20123,27
"North Center          ",20124,18
"North Cook            ",20051,130
"North Cook            ",20052,103
"North Cook            ",20053,108
"North Cook            ",20054,118
"North Cook            ",20061,153
"North Cook            ",20062,132
"North Cook            ",20063,145
"North Cook            ",20064,232
"North Cook            ",20071,233
"North Cook            ",20072,240
"North Cook            ",20073,320
"North Cook            ",20074,367
"North Cook            ",20081,483
"North Cook            ",20082,516
"North Cook            ",20083,542
"North Cook            ",20084,519
"North Cook            ",20091,712
"North Cook            ",20092,348
"North Cook            ",20093,919
"North Cook            ",20094,893
"North Cook            ",20101,708
"North Cook            ",20102,841
"North Cook            ",20103,832
"North Cook            ",20104,681
"North Cook            ",20111,705
"North Cook            ",20112,611
"North Cook            ",20113,566
"North Cook            ",20114,552
"North Cook            ",20121,549
"North Cook            ",20122,664
"North Cook            ",20123,557
"North Cook            ",20124,369
"North Lawndale        ",20051,50
"North Lawndale        ",20052,33
"North Lawndale        ",20053,49
"North Lawndale        ",20054,50
"North Lawndale        ",20061,55
"North Lawndale        ",20062,65
"North Lawndale        ",20063,80
"North Lawndale        ",20064,67
"North Lawndale        ",20071,92
"North Lawndale        ",20072,85
"North Lawndale        ",20073,100
"North Lawndale        ",20074,103
"North Lawndale        ",20081,118
"North Lawndale        ",20082,89
"North Lawndale        ",20083,114
"North Lawndale        ",20084,110
"North Lawndale        ",20091,119
"North Lawndale        ",20092,46
"North Lawndale        ",20093,112
"North Lawndale        ",20094,105
"North Lawndale        ",20101,113
"North Lawndale        ",20102,83
"North Lawndale        ",20103,80
"North Lawndale        ",20104,71
"North Lawndale        ",20111,81
"North Lawndale        ",20112,71
"North Lawndale        ",20113,57
"North Lawndale        ",20114,56
"North Lawndale        ",20121,71
"North Lawndale        ",20122,92
"North Lawndale        ",20123,89
"North Lawndale        ",20124,54
"North Park            ",20051,3
"North Park            ",20052,4
"North Park            ",20053,7
"North Park            ",20054,3
"North Park            ",20061,7
"North Park            ",20062,5
"North Park            ",20063,5
"North Park            ",20064,10
"North Park            ",20071,8
"North Park            ",20072,14
"North Park            ",20073,14
"North Park            ",20074,16
"North Park            ",20081,21
"North Park            ",20082,15
"North Park            ",20083,29
"North Park            ",20084,32
"North Park            ",20091,17
"North Park            ",20092,8
"North Park            ",20093,48
"North Park            ",20094,55
"North Park            ",20101,31
"North Park            ",20102,28
"North Park            ",20103,33
"North Park            ",20104,32
"North Park            ",20111,22
"North Park            ",20112,27
"North Park            ",20113,24
"North Park            ",20114,21
"North Park            ",20121,17
"North Park            ",20122,21
"North Park            ",20123,31
"North Park            ",20124,10
"Northwest Cook        ",20051,297
"Northwest Cook        ",20052,251
"Northwest Cook        ",20053,275
"Northwest Cook        ",20054,277
"Northwest Cook        ",20061,372
"Northwest Cook        ",20062,366
"Northwest Cook        ",20063,397
"Northwest Cook        ",20064,450
"Northwest Cook        ",20071,556
"Northwest Cook        ",20072,484
"Northwest Cook        ",20073,633
"Northwest Cook        ",20074,740
"Northwest Cook        ",20081,928
"Northwest Cook        ",20082,987
"Northwest Cook        ",20083,1084
"Northwest Cook        ",20084,996
"Northwest Cook        ",20091,1395
"Northwest Cook        ",20092,629
"Northwest Cook        ",20093,1725
"Northwest Cook        ",20094,1849
"Northwest Cook        ",20101,1621
"Northwest Cook        ",20102,1867
"Northwest Cook        ",20103,1781
"Northwest Cook        ",20104,1475
"Northwest Cook        ",20111,1461
"Northwest Cook        ",20112,1359
"Northwest Cook        ",20113,1322
"Northwest Cook        ",20114,1297
"Northwest Cook        ",20121,1364
"Northwest Cook        ",20122,1473
"Northwest Cook        ",20123,1431
"Northwest Cook        ",20124,999
"Norwood Park          ",20051,9
"Norwood Park          ",20052,9
"Norwood Park          ",20053,8
"Norwood Park          ",20054,13
"Norwood Park          ",20061,14
"Norwood Park          ",20062,11
"Norwood Park          ",20063,8
"Norwood Park          ",20064,17
"Norwood Park          ",20071,21
"Norwood Park          ",20072,24
"Norwood Park          ",20073,24
"Norwood Park          ",20074,33
"Norwood Park          ",20081,36
"Norwood Park          ",20082,49
"Norwood Park          ",20083,43
"Norwood Park          ",20084,45
"Norwood Park          ",20091,53
"Norwood Park          ",20092,26
"Norwood Park          ",20093,74
"Norwood Park          ",20094,68
"Norwood Park          ",20101,58
"Norwood Park          ",20102,55
"Norwood Park          ",20103,67
"Norwood Park          ",20104,78
"Norwood Park          ",20111,61
"Norwood Park          ",20112,54
"Norwood Park          ",20113,45
"Norwood Park          ",20114,67
"Norwood Park          ",20121,57
"Norwood Park          ",20122,44
"Norwood Park          ",20123,53
"Norwood Park          ",20124,33
"OHare                ",20051,5
"OHare                ",20052,1
"OHare                ",20053,2
"OHare                ",20054,3
"OHare                ",20061,3
"OHare                ",20062,3
"OHare                ",20063,5
"OHare                ",20064,8
"OHare                ",20071,10
"OHare                ",20072,4
"OHare                ",20073,14
"OHare                ",20074,18
"OHare                ",20081,28
"OHare                ",20082,32
"OHare                ",20083,39
"OHare                ",20084,21
"OHare                ",20091,32
"OHare                ",20092,20
"OHare                ",20093,40
"OHare                ",20094,52
"OHare                ",20101,39
"OHare                ",20102,46
"OHare                ",20103,37
"OHare                ",20104,36
"OHare                ",20111,29
"OHare                ",20112,19
"OHare                ",20113,25
"OHare                ",20114,24
"OHare                ",20121,20
"OHare                ",20122,19
"OHare                ",20123,14
"OHare                ",20124,16
"Oakland               ",20051,1
"Oakland               ",20052,2
"Oakland               ",20053,3
"Oakland               ",20054,2
"Oakland               ",20061,3
"Oakland               ",20062,1
"Oakland               ",20063,2
"Oakland               ",20064,8
"Oakland               ",20071,6
"Oakland               ",20072,2
"Oakland               ",20073,5
"Oakland               ",20074,8
"Oakland               ",20081,9
"Oakland               ",20082,4
"Oakland               ",20083,7
"Oakland               ",20084,8
"Oakland               ",20091,11
"Oakland               ",20092,4
"Oakland               ",20093,21
"Oakland               ",20094,11
"Oakland               ",20101,11
"Oakland               ",20102,15
"Oakland               ",20103,12
"Oakland               ",20104,11
"Oakland               ",20111,13
"Oakland               ",20112,13
"Oakland               ",20113,7
"Oakland               ",20114,5
"Oakland               ",20121,15
"Oakland               ",20122,11
"Oakland               ",20123,13
"Oakland               ",20124,9
"Portage Park          ",20051,21
"Portage Park          ",20052,19
"Portage Park          ",20053,21
"Portage Park          ",20054,28
"Portage Park          ",20061,15
"Portage Park          ",20062,19
"Portage Park          ",20063,35
"Portage Park          ",20064,45
"Portage Park          ",20071,55
"Portage Park          ",20072,51
"Portage Park          ",20073,79
"Portage Park          ",20074,70
"Portage Park          ",20081,100
"Portage Park          ",20082,120
"Portage Park          ",20083,119
"Portage Park          ",20084,122
"Portage Park          ",20091,164
"Portage Park          ",20092,78
"Portage Park          ",20093,175
"Portage Park          ",20094,182
"Portage Park          ",20101,136
"Portage Park          ",20102,144
"Portage Park          ",20103,163
"Portage Park          ",20104,137
"Portage Park          ",20111,120
"Portage Park          ",20112,109
"Portage Park          ",20113,105
"Portage Park          ",20114,93
"Portage Park          ",20121,100
"Portage Park          ",20122,107
"Portage Park          ",20123,120
"Portage Park          ",20124,63
"Pullman               ",20051,14
"Pullman               ",20052,17
"Pullman               ",20053,15
"Pullman               ",20054,21
"Pullman               ",20061,14
"Pullman               ",20062,15
"Pullman               ",20063,27
"Pullman               ",20064,16
"Pullman               ",20071,19
"Pullman               ",20072,12
"Pullman               ",20073,15
"Pullman               ",20074,29
"Pullman               ",20081,31
"Pullman               ",20082,25
"Pullman               ",20083,22
"Pullman               ",20084,21
"Pullman               ",20091,21
"Pullman               ",20092,9
"Pullman               ",20093,22
"Pullman               ",20094,16
"Pullman               ",20101,19
"Pullman               ",20102,21
"Pullman               ",20103,27
"Pullman               ",20104,26
"Pullman               ",20111,13
"Pullman               ",20112,13
"Pullman               ",20113,17
"Pullman               ",20114,22
"Pullman               ",20121,17
"Pullman               ",20122,16
"Pullman               ",20123,16
"Pullman               ",20124,14
"Riverdale             ",20051,2
"Riverdale             ",20052,5
"Riverdale             ",20053,1
"Riverdale             ",20054,1
"Riverdale             ",20061,1
"Riverdale             ",20062,4
"Riverdale             ",20063,6
"Riverdale             ",20064,11
"Riverdale             ",20071,5
"Riverdale             ",20072,4
"Riverdale             ",20073,6
"Riverdale             ",20074,9
"Riverdale             ",20081,7
"Riverdale             ",20082,12
"Riverdale             ",20083,5
"Riverdale             ",20084,8
"Riverdale             ",20091,14
"Riverdale             ",20092,9
"Riverdale             ",20093,7
"Riverdale             ",20094,8
"Riverdale             ",20101,4
"Riverdale             ",20102,5
"Riverdale             ",20103,3
"Riverdale             ",20104,4
"Riverdale             ",20111,7
"Riverdale             ",20112,4
"Riverdale             ",20114,2
"Riverdale             ",20121,3
"Riverdale             ",20122,5
"Riverdale             ",20123,4
"Riverdale             ",20124,9
"Rogers Park           ",20051,23
"Rogers Park           ",20052,16
"Rogers Park           ",20053,14
"Rogers Park           ",20054,24
"Rogers Park           ",20061,21
"Rogers Park           ",20062,17
"Rogers Park           ",20063,26
"Rogers Park           ",20064,25
"Rogers Park           ",20071,31
"Rogers Park           ",20072,33
"Rogers Park           ",20073,35
"Rogers Park           ",20074,57
"Rogers Park           ",20081,61
"Rogers Park           ",20082,63
"Rogers Park           ",20083,76
"Rogers Park           ",20084,89
"Rogers Park           ",20091,98
"Rogers Park           ",20092,48
"Rogers Park           ",20093,122
"Rogers Park           ",20094,139
"Rogers Park           ",20101,115
"Rogers Park           ",20102,132
"Rogers Park           ",20103,127
"Rogers Park           ",20104,101
"Rogers Park           ",20111,98
"Rogers Park           ",20112,91
"Rogers Park           ",20113,92
"Rogers Park           ",20114,90
"Rogers Park           ",20121,94
"Rogers Park           ",20122,93
"Rogers Park           ",20123,84
"Rogers Park           ",20124,72
"Roseland              ",20051,115
"Roseland              ",20052,87
"Roseland              ",20053,111
"Roseland              ",20054,130
"Roseland              ",20061,115
"Roseland              ",20062,113
"Roseland              ",20063,143
"Roseland              ",20064,167
"Roseland              ",20071,183
"Roseland              ",20072,144
"Roseland              ",20073,186
"Roseland              ",20074,183
"Roseland              ",20081,162
"Roseland              ",20082,157
"Roseland              ",20083,160
"Roseland              ",20084,179
"Roseland              ",20091,137
"Roseland              ",20092,74
"Roseland              ",20093,154
"Roseland              ",20094,197
"Roseland              ",20101,125
"Roseland              ",20102,130
"Roseland              ",20103,136
"Roseland              ",20104,120
"Roseland              ",20111,133
"Roseland              ",20112,115
"Roseland              ",20113,130
"Roseland              ",20114,108
"Roseland              ",20121,139
"Roseland              ",20122,155
"Roseland              ",20123,143
"Roseland              ",20124,119
"South Chicago         ",20051,53
"South Chicago         ",20052,29
"South Chicago         ",20053,51
"South Chicago         ",20054,68
"South Chicago         ",20061,59
"South Chicago         ",20062,76
"South Chicago         ",20063,87
"South Chicago         ",20064,103
"South Chicago         ",20071,84
"South Chicago         ",20072,94
"South Chicago         ",20073,102
"South Chicago         ",20074,112
"South Chicago         ",20081,120
"South Chicago         ",20082,101
"South Chicago         ",20083,121
"South Chicago         ",20084,105
"South Chicago         ",20091,117
"South Chicago         ",20092,44
"South Chicago         ",20093,113
"South Chicago         ",20094,108
"South Chicago         ",20101,80
"South Chicago         ",20102,86
"South Chicago         ",20103,89
"South Chicago         ",20104,67
"South Chicago         ",20111,64
"South Chicago         ",20112,71
"South Chicago         ",20113,70
"South Chicago         ",20114,65
"South Chicago         ",20121,73
"South Chicago         ",20122,85
"South Chicago         ",20123,66
"South Chicago         ",20124,62
"South Cook            ",20051,1016
"South Cook            ",20052,746
"South Cook            ",20053,878
"South Cook            ",20054,966
"South Cook            ",20061,1044
"South Cook            ",20062,978
"South Cook            ",20063,1235
"South Cook            ",20064,1242
"South Cook            ",20071,1254
"South Cook            ",20072,1116
"South Cook            ",20073,1592
"South Cook            ",20074,1730
"South Cook            ",20081,1743
"South Cook            ",20082,1536
"South Cook            ",20083,1649
"South Cook            ",20084,1611
"South Cook            ",20091,1608
"South Cook            ",20092,650
"South Cook            ",20093,1591
"South Cook            ",20094,1958
"South Cook            ",20101,1699
"South Cook            ",20102,1696
"South Cook            ",20103,1714
"South Cook            ",20104,1614
"South Cook            ",20111,1625
"South Cook            ",20112,1289
"South Cook            ",20113,1338
"South Cook            ",20114,1336
"South Cook            ",20121,1566
"South Cook            ",20122,1715
"South Cook            ",20123,1866
"South Cook            ",20124,1294
"South Deering         ",20051,28
"South Deering         ",20052,21
"South Deering         ",20053,30
"South Deering         ",20054,32
"South Deering         ",20061,26
"South Deering         ",20062,32
"South Deering         ",20063,30
"South Deering         ",20064,29
"South Deering         ",20071,35
"South Deering         ",20072,33
"South Deering         ",20073,44
"South Deering         ",20074,51
"South Deering         ",20081,43
"South Deering         ",20082,43
"South Deering         ",20083,44
"South Deering         ",20084,41
"South Deering         ",20091,56
"South Deering         ",20092,14
"South Deering         ",20093,52
"South Deering         ",20094,48
"South Deering         ",20101,39
"South Deering         ",20102,44
"South Deering         ",20103,32
"South Deering         ",20104,33
"South Deering         ",20111,34
"South Deering         ",20112,44
"South Deering         ",20113,40
"South Deering         ",20114,30
"South Deering         ",20121,36
"South Deering         ",20122,35
"South Deering         ",20123,27
"South Deering         ",20124,28
"South Lawndale        ",20051,32
"South Lawndale        ",20052,24
"South Lawndale        ",20053,20
"South Lawndale        ",20054,27
"South Lawndale        ",20061,17
"South Lawndale        ",20062,27
"South Lawndale        ",20063,36
"South Lawndale        ",20064,37
"South Lawndale        ",20071,49
"South Lawndale        ",20072,48
"South Lawndale        ",20073,40
"South Lawndale        ",20074,78
"South Lawndale        ",20081,75
"South Lawndale        ",20082,87
"South Lawndale        ",20083,91
"South Lawndale        ",20084,90
"South Lawndale        ",20091,130
"South Lawndale        ",20092,42
"South Lawndale        ",20093,133
"South Lawndale        ",20094,107
"South Lawndale        ",20101,95
"South Lawndale        ",20102,124
"South Lawndale        ",20103,87
"South Lawndale        ",20104,85
"South Lawndale        ",20111,90
"South Lawndale        ",20112,79
"South Lawndale        ",20113,72
"South Lawndale        ",20114,69
"South Lawndale        ",20121,89
"South Lawndale        ",20122,101
"South Lawndale        ",20123,84
"South Lawndale        ",20124,57
"South Shore           ",20051,61
"South Shore           ",20052,44
"South Shore           ",20053,56
"South Shore           ",20054,61
"South Shore           ",20061,81
"South Shore           ",20062,101
"South Shore           ",20063,86
"South Shore           ",20064,105
"South Shore           ",20071,127
"South Shore           ",20072,105
"South Shore           ",20073,156
"South Shore           ",20074,148
"South Shore           ",20081,152
"South Shore           ",20082,120
"South Shore           ",20083,122
"South Shore           ",20084,144
"South Shore           ",20091,160
"South Shore           ",20092,64
"South Shore           ",20093,147
"South Shore           ",20094,134
"South Shore           ",20101,128
"South Shore           ",20102,131
"South Shore           ",20103,111
"South Shore           ",20104,115
"South Shore           ",20111,114
"South Shore           ",20112,107
"South Shore           ",20113,98
"South Shore           ",20114,129
"South Shore           ",20121,106
"South Shore           ",20122,127
"South Shore           ",20123,146
"South Shore           ",20124,89
"Southwest Cook        ",20051,291
"Southwest Cook        ",20052,241
"Southwest Cook        ",20053,229
"Southwest Cook        ",20054,280
"Southwest Cook        ",20061,297
"Southwest Cook        ",20062,291
"Southwest Cook        ",20063,371
"Southwest Cook        ",20064,385
"Southwest Cook        ",20071,437
"Southwest Cook        ",20072,377
"Southwest Cook        ",20073,504
"Southwest Cook        ",20074,601
"Southwest Cook        ",20081,622
"Southwest Cook        ",20082,675
"Southwest Cook        ",20083,698
"Southwest Cook        ",20084,709
"Southwest Cook        ",20091,906
"Southwest Cook        ",20092,342
"Southwest Cook        ",20093,950
"Southwest Cook        ",20094,1138
"Southwest Cook        ",20101,962
"Southwest Cook        ",20102,981
"Southwest Cook        ",20103,1169
"Southwest Cook        ",20104,940
"Southwest Cook        ",20111,948
"Southwest Cook        ",20112,826
"Southwest Cook        ",20113,889
"Southwest Cook        ",20114,851
"Southwest Cook        ",20121,913
"Southwest Cook        ",20122,1007
"Southwest Cook        ",20123,1069
"Southwest Cook        ",20124,763
"Uptown                ",20051,16
"Uptown                ",20052,11
"Uptown                ",20053,10
"Uptown                ",20054,9
"Uptown                ",20061,19
"Uptown                ",20062,13
"Uptown                ",20063,17
"Uptown                ",20064,29
"Uptown                ",20071,25
"Uptown                ",20072,22
"Uptown                ",20073,37
"Uptown                ",20074,36
"Uptown                ",20081,29
"Uptown                ",20082,39
"Uptown                ",20083,38
"Uptown                ",20084,32
"Uptown                ",20091,65
"Uptown                ",20092,32
"Uptown                ",20093,63
"Uptown                ",20094,78
"Uptown                ",20101,63
"Uptown                ",20102,70
"Uptown                ",20103,82
"Uptown                ",20104,78
"Uptown                ",20111,74
"Uptown                ",20112,73
"Uptown                ",20113,58
"Uptown                ",20114,57
"Uptown                ",20121,65
"Uptown                ",20122,69
"Uptown                ",20123,80
"Uptown                ",20124,47
"Washingon Park        ",20051,26
"Washingon Park        ",20052,10
"Washingon Park        ",20053,14
"Washingon Park        ",20054,18
"Washingon Park        ",20061,19
"Washingon Park        ",20062,23
"Washingon Park        ",20063,20
"Washingon Park        ",20064,21
"Washingon Park        ",20071,27
"Washingon Park        ",20072,35
"Washingon Park        ",20073,36
"Washingon Park        ",20074,43
"Washingon Park        ",20081,64
"Washingon Park        ",20082,49
"Washingon Park        ",20083,45
"Washingon Park        ",20084,33
"Washingon Park        ",20091,41
"Washingon Park        ",20092,18
"Washingon Park        ",20093,44
"Washingon Park        ",20094,52
"Washingon Park        ",20101,30
"Washingon Park        ",20102,36
"Washingon Park        ",20103,29
"Washingon Park        ",20104,32
"Washingon Park        ",20111,36
"Washingon Park        ",20112,20
"Washingon Park        ",20113,28
"Washingon Park        ",20114,27
"Washingon Park        ",20121,28
"Washingon Park        ",20122,27
"Washingon Park        ",20123,27
"Washingon Park        ",20124,16
"Washington Heights    ",20051,69
"Washington Heights    ",20052,43
"Washington Heights    ",20053,78
"Washington Heights    ",20054,75
"Washington Heights    ",20061,66
"Washington Heights    ",20062,69
"Washington Heights    ",20063,74
"Washington Heights    ",20064,94
"Washington Heights    ",20071,93
"Washington Heights    ",20072,64
"Washington Heights    ",20073,97
"Washington Heights    ",20074,123
"Washington Heights    ",20081,104
"Washington Heights    ",20082,62
"Washington Heights    ",20083,95
"Washington Heights    ",20084,93
"Washington Heights    ",20091,100
"Washington Heights    ",20092,36
"Washington Heights    ",20093,85
"Washington Heights    ",20094,85
"Washington Heights    ",20101,90
"Washington Heights    ",20102,80
"Washington Heights    ",20103,86
"Washington Heights    ",20104,72
"Washington Heights    ",20111,67
"Washington Heights    ",20112,72
"Washington Heights    ",20113,70
"Washington Heights    ",20114,77
"Washington Heights    ",20121,88
"Washington Heights    ",20122,76
"Washington Heights    ",20123,101
"Washington Heights    ",20124,59
"West Cook             ",20051,405
"West Cook             ",20052,321
"West Cook             ",20053,393
"West Cook             ",20054,395
"West Cook             ",20061,416
"West Cook             ",20062,425
"West Cook             ",20063,534
"West Cook             ",20064,615
"West Cook             ",20071,674
"West Cook             ",20072,561
"West Cook             ",20073,798
"West Cook             ",20074,981
"West Cook             ",20081,1124
"West Cook             ",20082,1131
"West Cook             ",20083,1273
"West Cook             ",20084,1213
"West Cook             ",20091,1528
"West Cook             ",20092,645
"West Cook             ",20093,1746
"West Cook             ",20094,1780
"West Cook             ",20101,1487
"West Cook             ",20102,1661
"West Cook             ",20103,1715
"West Cook             ",20104,1409
"West Cook             ",20111,1406
"West Cook             ",20112,1231
"West Cook             ",20113,1216
"West Cook             ",20114,1215
"West Cook             ",20121,1391
"West Cook             ",20122,1490
"West Cook             ",20123,1492
"West Cook             ",20124,968
"West Elsdon           ",20051,8
"West Elsdon           ",20052,3
"West Elsdon           ",20053,7
"West Elsdon           ",20054,6
"West Elsdon           ",20061,7
"West Elsdon           ",20062,8
"West Elsdon           ",20063,17
"West Elsdon           ",20064,7
"West Elsdon           ",20071,14
"West Elsdon           ",20072,16
"West Elsdon           ",20073,26
"West Elsdon           ",20074,28
"West Elsdon           ",20081,22
"West Elsdon           ",20082,32
"West Elsdon           ",20083,42
"West Elsdon           ",20084,42
"West Elsdon           ",20091,54
"West Elsdon           ",20092,22
"West Elsdon           ",20093,64
"West Elsdon           ",20094,69
"West Elsdon           ",20101,44
"West Elsdon           ",20102,44
"West Elsdon           ",20103,66
"West Elsdon           ",20104,46
"West Elsdon           ",20111,50
"West Elsdon           ",20112,42
"West Elsdon           ",20113,48
"West Elsdon           ",20114,33
"West Elsdon           ",20121,30
"West Elsdon           ",20122,54
"West Elsdon           ",20123,53
"West Elsdon           ",20124,28
"West Englewood        ",20051,106
"West Englewood        ",20052,95
"West Englewood        ",20053,118
"West Englewood        ",20054,132
"West Englewood        ",20061,121
"West Englewood        ",20062,115
"West Englewood        ",20063,177
"West Englewood        ",20064,178
"West Englewood        ",20071,231
"West Englewood        ",20072,175
"West Englewood        ",20073,186
"West Englewood        ",20074,220
"West Englewood        ",20081,235
"West Englewood        ",20082,197
"West Englewood        ",20083,222
"West Englewood        ",20084,171
"West Englewood        ",20091,206
"West Englewood        ",20092,77
"West Englewood        ",20093,169
"West Englewood        ",20094,177
"West Englewood        ",20101,114
"West Englewood        ",20102,130
"West Englewood        ",20103,138
"West Englewood        ",20104,122
"West Englewood        ",20111,105
"West Englewood        ",20112,85
"West Englewood        ",20113,63
"West Englewood        ",20114,86
"West Englewood        ",20121,107
"West Englewood        ",20122,115
"West Englewood        ",20123,130
"West Englewood        ",20124,65
"West Garfield         ",20051,28
"West Garfield         ",20052,30
"West Garfield         ",20053,22
"West Garfield         ",20054,44
"West Garfield         ",20061,43
"West Garfield         ",20062,59
"West Garfield         ",20063,44
"West Garfield         ",20064,62
"West Garfield         ",20071,47
"West Garfield         ",20072,57
"West Garfield         ",20073,69
"West Garfield         ",20074,86
"West Garfield         ",20081,71
"West Garfield         ",20082,58
"West Garfield         ",20083,56
"West Garfield         ",20084,48
"West Garfield         ",20091,61
"West Garfield         ",20092,29
"West Garfield         ",20093,61
"West Garfield         ",20094,64
"West Garfield         ",20101,52
"West Garfield         ",20102,55
"West Garfield         ",20103,48
"West Garfield         ",20104,39
"West Garfield         ",20111,27
"West Garfield         ",20112,24
"West Garfield         ",20113,34
"West Garfield         ",20114,32
"West Garfield         ",20121,33
"West Garfield         ",20122,37
"West Garfield         ",20123,47
"West Garfield         ",20124,40
"West Lawn             ",20051,20
"West Lawn             ",20052,15
"West Lawn             ",20053,21
"West Lawn             ",20054,17
"West Lawn             ",20061,33
"West Lawn             ",20062,16
"West Lawn             ",20063,29
"West Lawn             ",20064,36
"West Lawn             ",20071,57
"West Lawn             ",20072,40
"West Lawn             ",20073,53
"West Lawn             ",20074,67
"West Lawn             ",20081,84
"West Lawn             ",20082,78
"West Lawn             ",20083,109
"West Lawn             ",20084,116
"West Lawn             ",20091,138
"West Lawn             ",20092,59
"West Lawn             ",20093,122
"West Lawn             ",20094,142
"West Lawn             ",20101,119
"West Lawn             ",20102,118
"West Lawn             ",20103,130
"West Lawn             ",20104,116
"West Lawn             ",20111,107
"West Lawn             ",20112,88
"West Lawn             ",20113,79
"West Lawn             ",20114,75
"West Lawn             ",20121,85
"West Lawn             ",20122,96
"West Lawn             ",20123,76
"West Lawn             ",20124,82
"West Pullman          ",20051,85
"West Pullman          ",20052,70
"West Pullman          ",20053,95
"West Pullman          ",20054,89
"West Pullman          ",20061,115
"West Pullman          ",20062,117
"West Pullman          ",20063,137
"West Pullman          ",20064,126
"West Pullman          ",20071,160
"West Pullman          ",20072,122
"West Pullman          ",20073,150
"West Pullman          ",20074,135
"West Pullman          ",20081,166
"West Pullman          ",20082,143
"West Pullman          ",20083,174
"West Pullman          ",20084,147
"West Pullman          ",20091,142
"West Pullman          ",20092,53
"West Pullman          ",20093,115
"West Pullman          ",20094,146
"West Pullman          ",20101,99
"West Pullman          ",20102,108
"West Pullman          ",20103,101
"West Pullman          ",20104,99
"West Pullman          ",20111,87
"West Pullman          ",20112,70
"West Pullman          ",20113,83
"West Pullman          ",20114,92
"West Pullman          ",20121,104
"West Pullman          ",20122,144
"West Pullman          ",20123,105
"West Pullman          ",20124,75
"West Ridge            ",20051,19
"West Ridge            ",20052,18
"West Ridge            ",20053,14
"West Ridge            ",20054,17
"West Ridge            ",20061,18
"West Ridge            ",20062,29
"West Ridge            ",20063,31
"West Ridge            ",20064,53
"West Ridge            ",20071,53
"West Ridge            ",20072,50
"West Ridge            ",20073,96
"West Ridge            ",20074,104
"West Ridge            ",20081,126
"West Ridge            ",20082,162
"West Ridge            ",20083,159
"West Ridge            ",20084,133
"West Ridge            ",20091,207
"West Ridge            ",20092,98
"West Ridge            ",20093,249
"West Ridge            ",20094,295
"West Ridge            ",20101,195
"West Ridge            ",20102,204
"West Ridge            ",20103,191
"West Ridge            ",20104,140
"West Ridge            ",20111,163
"West Ridge            ",20112,115
"West Ridge            ",20113,119
"West Ridge            ",20114,98
"West Ridge            ",20121,127
"West Ridge            ",20122,127
"West Ridge            ",20123,117
"West Ridge            ",20124,86
"West Town             ",20051,27
"West Town             ",20052,27
"West Town             ",20053,38
"West Town             ",20054,29
"West Town             ",20061,27
"West Town             ",20062,42
"West Town             ",20063,38
"West Town             ",20064,47
"West Town             ",20071,45
"West Town             ",20072,49
"West Town             ",20073,95
"West Town             ",20074,85
"West Town             ",20081,105
"West Town             ",20082,99
"West Town             ",20083,113
"West Town             ",20084,111
"West Town             ",20091,205
"West Town             ",20092,93
"West Town             ",20093,189
"West Town             ",20094,174
"West Town             ",20101,156
"West Town             ",20102,144
"West Town             ",20103,142
"West Town             ",20104,121
"West Town             ",20111,135
"West Town             ",20112,105
"West Town             ",20113,101
"West Town             ",20114,97
"West Town             ",20121,90
"West Town             ",20122,99
"West Town             ",20123,78
"West Town             ",20124,72
"Woodlawn              ",20051,39
"Woodlawn              ",20052,28
"Woodlawn              ",20053,35
"Woodlawn              ",20054,37
"Woodlawn              ",20061,28
"Woodlawn              ",20062,50
"Woodlawn              ",20063,59
"Woodlawn              ",20064,47
"Woodlawn              ",20071,62
"Woodlawn              ",20072,71
"Woodlawn              ",20073,88
"Woodlawn              ",20074,107
"Woodlawn              ",20081,116
"Woodlawn              ",20082,92
"Woodlawn              ",20083,80
"Woodlawn              ",20084,72
"Woodlawn              ",20091,97
"Woodlawn              ",20092,39
"Woodlawn              ",20093,69
"Woodlawn              ",20094,94
"Woodlawn              ",20101,67
"Woodlawn              ",20102,86
"Woodlawn              ",20103,64
"Woodlawn              ",20104,68
"Woodlawn              ",20111,50
"Woodlawn              ",20112,57
"Woodlawn              ",20113,40
"Woodlawn              ",20114,55
"Woodlawn              ",20121,51
"Woodlawn              ",20122,53
"Woodlawn              ",20123,52
"Woodlawn              ",20124,38
